#
# There is insufficient memory for the Java Runtime Environment to continue.
# Native memory allocation (malloc) failed to allocate 760336 bytes. Error detail: Chunk::new
# Possible reasons:
#   The system is out of physical RAM or swap space
#   This process is running with CompressedOops enabled, and the Java Heap may be blocking the growth of the native heap
# Possible solutions:
#   Reduce memory load on the system
#   Increase physical memory or swap space
#   Check if swap backing store is full
#   Decrease Java heap size (-Xmx/-Xms)
#   Decrease number of Java threads
#   Decrease Java thread stack sizes (-Xss)
#   Set larger code cache with -XX:ReservedCodeCacheSize=
#   JVM is running with Unscaled Compressed Oops mode in which the Java heap is
#     placed in the first 4GB address space. The Java Heap base address is the
#     maximum limit for the native heap growth. Please use -XX:HeapBaseMinAddress
#     to set the Java Heap base and to place the Java Heap above 4GB virtual address.
# This output file may be truncated or incomplete.
#
#  Out of Memory Error (arena.cpp:191), pid=18536, tid=3336
#
# JRE version: OpenJDK Runtime Environment Zulu17.58+21-CA (17.0.15+6) (build 17.0.15+6-LTS)
# Java VM: OpenJDK 64-Bit Server VM Zulu17.58+21-CA (17.0.15+6-LTS, mixed mode, sharing, tiered, compressed oops, compressed class ptrs, g1 gc, windows-amd64)
# No core dump will be written. Minidumps are not enabled by default on client versions of Windows
#

---------------  S U M M A R Y ------------

Command Line: -Dorg.gradle.internal.worker.tmpdir=C:\Users\khsoo\Desktop\operation-seoul\backend\build\tmp\test\work -Xmx512m -Dfile.encoding=x-windows-949 -Duser.country=KR -Duser.language=ko -Duser.variant -ea worker.org.gradle.process.internal.worker.GradleWorkerMain 'Gradle Test Executor 2'

Host: AMD Ryzen 7 3700X 8-Core Processor             , 16 cores, 31G,  Windows 10 , 64 bit Build 19041 (10.0.19041.5915)
Time: Sun Jun 21 22:32:05 2026  Windows 10 , 64 bit Build 19041 (10.0.19041.5915) elapsed time: 0.742691 seconds (0d 0h 0m 0s)

---------------  T H R E A D  ---------------

Current thread (0x00000187f451b100):  JavaThread "C2 CompilerThread1" daemon [_thread_in_native, id=3336, stack(0x0000003d84c00000,0x0000003d84d00000)]


Current CompileTask:
C2:    742 1300  s!   4       jdk.internal.loader.URLClassPath::getLoader (194 bytes)

Stack: [0x0000003d84c00000,0x0000003d84d00000]
Native frames: (J=compiled Java code, j=interpreted, Vv=VM code, C=native code)
V  [jvm.dll+0x685b79]
V  [jvm.dll+0x83d7fa]
V  [jvm.dll+0x83f2be]
V  [jvm.dll+0x83f923]
V  [jvm.dll+0x24c54f]
V  [jvm.dll+0xaca54]
V  [jvm.dll+0xad09c]
V  [jvm.dll+0x36c3d7]
V  [jvm.dll+0x335f4a]
V  [jvm.dll+0x3353ea]
V  [jvm.dll+0x21b191]
V  [jvm.dll+0x21a5d1]
V  [jvm.dll+0x1a5fad]
V  [jvm.dll+0x22a34e]
V  [jvm.dll+0x2284cc]
V  [jvm.dll+0x7f26f7]
V  [jvm.dll+0x7ecc0c]
V  [jvm.dll+0x684a47]
C  [ucrtbase.dll+0x21bb2]
C  [KERNEL32.DLL+0x17374]
C  [ntdll.dll+0x4cc91]


---------------  P R O C E S S  ---------------

Threads class SMR info:
_java_thread_list=0x00000187f4edff30, length=25, elements={
0x0000018793114280, 0x00000187ae88bb40, 0x00000187ae88c9c0, 0x00000187ae8a2530,
0x00000187ae8a5f10, 0x00000187ae8a68d0, 0x00000187ae8a82a0, 0x00000187ae8a8f90,
0x00000187ae8b2790, 0x00000187ae8be300, 0x00000187aea66490, 0x00000187aeb339a0,
0x00000187aeb37930, 0x00000187f451b100, 0x00000187f4668670, 0x00000187f46b7d80,
0x00000187f482fa50, 0x00000187f46d4f70, 0x00000187f4f5c8e0, 0x00000187f4e80e20,
0x00000187f4c018e0, 0x00000187f8ade280, 0x00000187f4ede830, 0x00000187f4eded50,
0x00000187f4edf270
}

Java Threads: ( => current thread )
  0x0000018793114280 JavaThread "Test worker" [_thread_blocked, id=20896, stack(0x0000003d83800000,0x0000003d83900000)]
  0x00000187ae88bb40 JavaThread "Reference Handler" daemon [_thread_blocked, id=14248, stack(0x0000003d83f00000,0x0000003d84000000)]
  0x00000187ae88c9c0 JavaThread "Finalizer" daemon [_thread_blocked, id=23036, stack(0x0000003d84000000,0x0000003d84100000)]
  0x00000187ae8a2530 JavaThread "Signal Dispatcher" daemon [_thread_blocked, id=3024, stack(0x0000003d84100000,0x0000003d84200000)]
  0x00000187ae8a5f10 JavaThread "Attach Listener" daemon [_thread_blocked, id=7140, stack(0x0000003d84200000,0x0000003d84300000)]
  0x00000187ae8a68d0 JavaThread "Service Thread" daemon [_thread_blocked, id=10184, stack(0x0000003d84300000,0x0000003d84400000)]
  0x00000187ae8a82a0 JavaThread "Monitor Deflation Thread" daemon [_thread_blocked, id=22092, stack(0x0000003d84400000,0x0000003d84500000)]
  0x00000187ae8a8f90 JavaThread "C2 CompilerThread0" daemon [_thread_in_native, id=22688, stack(0x0000003d84500000,0x0000003d84600000)]
  0x00000187ae8b2790 JavaThread "C1 CompilerThread0" daemon [_thread_blocked, id=13948, stack(0x0000003d84600000,0x0000003d84700000)]
  0x00000187ae8be300 JavaThread "Sweeper thread" daemon [_thread_blocked, id=3272, stack(0x0000003d84700000,0x0000003d84800000)]
  0x00000187aea66490 JavaThread "C1 CompilerThread1" daemon [_thread_blocked, id=22048, stack(0x0000003d84800000,0x0000003d84900000)]
  0x00000187aeb339a0 JavaThread "Notification Thread" daemon [_thread_blocked, id=4324, stack(0x0000003d84900000,0x0000003d84a00000)]
  0x00000187aeb37930 JavaThread "Common-Cleaner" daemon [_thread_blocked, id=23488, stack(0x0000003d84b00000,0x0000003d84c00000)]
=>0x00000187f451b100 JavaThread "C2 CompilerThread1" daemon [_thread_in_native, id=3336, stack(0x0000003d84c00000,0x0000003d84d00000)]
  0x00000187f4668670 JavaThread "C1 CompilerThread2" daemon [_thread_blocked, id=6884, stack(0x0000003d84d00000,0x0000003d84e00000)]
  0x00000187f46b7d80 JavaThread "C1 CompilerThread3" daemon [_thread_blocked, id=19040, stack(0x0000003d84e00000,0x0000003d84f00000)]
  0x00000187f482fa50 JavaThread "/127.0.0.1:5904 to /127.0.0.1:5903 workers" [_thread_blocked, id=22164, stack(0x0000003d85000000,0x0000003d85100000)]
  0x00000187f46d4f70 JavaThread "/127.0.0.1:5904 to /127.0.0.1:5903 workers Thread 2" [_thread_blocked, id=4212, stack(0x0000003d85100000,0x0000003d85200000)]
  0x00000187f4f5c8e0 JavaThread "/127.0.0.1:5904 to /127.0.0.1:5903 workers Thread 3" [_thread_in_native, id=23192, stack(0x0000003d85200000,0x0000003d85300000)]
  0x00000187f4e80e20 JavaThread "C2 CompilerThread2" daemon [_thread_in_native, id=7176, stack(0x0000003d85f00000,0x0000003d86000000)]
  0x00000187f4c018e0 JavaThread "C2 CompilerThread3" daemon [_thread_new, id=21272, stack(0x0000003d86000000,0x0000003d86100000)]
  0x00000187f8ade280 JavaThread "C2 CompilerThread4" daemon [_thread_in_native, id=9896, stack(0x0000003d86100000,0x0000003d86200000)]
  0x00000187f4ede830 JavaThread "C2 CompilerThread5" daemon [_thread_blocked, id=18076, stack(0x0000003d86200000,0x0000003d86300000)]
  0x00000187f4eded50 JavaThread "C2 CompilerThread6" daemon [_thread_in_native, id=17572, stack(0x0000003d86300000,0x0000003d86400000)]
  0x00000187f4edf270 JavaThread "C2 CompilerThread7" daemon [_thread_blocked, id=6484, stack(0x0000003d86400000,0x0000003d86500000)]

Other Threads:
  0x00000187ae8884a0 VMThread "VM Thread" [stack: 0x0000003d83e00000,0x0000003d83f00000] [id=2608] _threads_hazard_ptr=0x00000187f4edff30
  0x00000187aeb346a0 WatcherThread [stack: 0x0000003d84a00000,0x0000003d84b00000] [id=9604]
  0x0000018793144480 GCTaskThread "GC Thread#0" [stack: 0x0000003d83900000,0x0000003d83a00000] [id=9480]
  0x00000187f5032330 GCTaskThread "GC Thread#1" [stack: 0x0000003d85300000,0x0000003d85400000] [id=23124]
  0x00000187f50336e0 GCTaskThread "GC Thread#2" [stack: 0x0000003d85400000,0x0000003d85500000] [id=6392]
  0x00000187f5032600 GCTaskThread "GC Thread#3" [stack: 0x0000003d85500000,0x0000003d85600000] [id=9780]
  0x00000187f5032060 GCTaskThread "GC Thread#4" [stack: 0x0000003d85600000,0x0000003d85700000] [id=22868]
  0x00000187f5033410 GCTaskThread "GC Thread#5" [stack: 0x0000003d85700000,0x0000003d85800000] [id=18172]
  0x00000187f5032e70 GCTaskThread "GC Thread#6" [stack: 0x0000003d85800000,0x0000003d85900000] [id=21548]
  0x00000187f50339b0 GCTaskThread "GC Thread#7" [stack: 0x0000003d85900000,0x0000003d85a00000] [id=22668]
  0x00000187f5033140 GCTaskThread "GC Thread#8" [stack: 0x0000003d85a00000,0x0000003d85b00000] [id=7540]
  0x00000187f5033c80 GCTaskThread "GC Thread#9" [stack: 0x0000003d85b00000,0x0000003d85c00000] [id=17960]
  0x00000187f50328d0 GCTaskThread "GC Thread#10" [stack: 0x0000003d85c00000,0x0000003d85d00000] [id=20060]
  0x00000187f5032ba0 GCTaskThread "GC Thread#11" [stack: 0x0000003d85d00000,0x0000003d85e00000] [id=10156]
  0x00000187931493e0 ConcurrentGCThread "G1 Main Marker" [stack: 0x0000003d83a00000,0x0000003d83b00000] [id=4204]
  0x0000018793149e00 ConcurrentGCThread "G1 Conc#0" [stack: 0x0000003d83b00000,0x0000003d83c00000] [id=13752]
  0x00000187ae829320 ConcurrentGCThread "G1 Refine#0" [stack: 0x0000003d83c00000,0x0000003d83d00000] [id=13012]
  0x00000187f48419c0 ConcurrentGCThread "G1 Refine#1" [stack: 0x0000003d85e00000,0x0000003d85f00000] [id=7580]
  0x00000187ae829d60 ConcurrentGCThread "G1 Service" [stack: 0x0000003d83d00000,0x0000003d83e00000] [id=20180]

Threads with active compile tasks:
C2 CompilerThread0     1412 1438       4       java.io.WinNTFileSystem::normalize (143 bytes)
C1 CompilerThread0     1412 1974       3       java.lang.invoke.MethodHandles$Lookup::resolveOrFail (44 bytes)
C1 CompilerThread1     1412 1977       3       java.util.stream.ReferencePipeline$Head::<init> (8 bytes)
C2 CompilerThread1     1413 1300  s!   4       jdk.internal.loader.URLClassPath::getLoader (194 bytes)
C1 CompilerThread2     1413 1975       3       java.lang.invoke.MethodHandles$Lookup::getDirectMethodForConstant (72 bytes)
C1 CompilerThread3     1413 1976       3       java.util.stream.StreamSupport::stream (19 bytes)
C2 CompilerThread2     1413 1515       4       java.io.DataInputStream::readUTF (501 bytes)
C2 CompilerThread4     1413 1701       4       jdk.internal.org.objectweb.asm.SymbolTable::addConstantUtf8 (98 bytes)
C2 CompilerThread5     1413 1948       4       java.util.HashSet::add (20 bytes)
C2 CompilerThread6     1413 1767       4       java.util.HashMap::put (13 bytes)
C2 CompilerThread7     1413 1866       4       jdk.internal.org.objectweb.asm.Frame::execute (2305 bytes)

VM state: synchronizing (normal execution)

VM Mutex/Monitor currently owned by a thread:  ([mutex/lock_event])
[0x000001879310fb90] Threads_lock - owner thread: 0x00000187ae8884a0

Heap address: 0x00000000e0000000, size: 512 MB, Compressed Oops mode: 32-bit

CDS archive(s) mapped at: [0x00000187af000000-0x00000187afbd0000-0x00000187afbd0000), size 12386304, SharedBaseAddress: 0x00000187af000000, ArchiveRelocationMode: 1.
Compressed class space mapped at: 0x00000187b0000000-0x00000187f0000000, reserved size: 1073741824
Narrow klass base: 0x00000187af000000, Narrow klass shift: 0, Narrow klass range: 0x100000000

GC Precious Log:
 CPUs: 16 total, 16 available
 Memory: 32689M
 Large Page Support: Disabled
 NUMA Support: Disabled
 Compressed Oops: Enabled (32-bit)
 Heap Region Size: 1M
 Heap Min Capacity: 8M
 Heap Initial Capacity: 512M
 Heap Max Capacity: 512M
 Pre-touch: Disabled
 Parallel Workers: 13
 Concurrent Workers: 3
 Concurrent Refinement Workers: 13
 Periodic GC: Disabled

Heap:
 garbage-first heap   total 524288K, used 24162K [0x00000000e0000000, 0x0000000100000000)
  region size 1024K, 21 young (21504K), 4 survivors (4096K)
 Metaspace       used 9825K, committed 9984K, reserved 1114112K
  class space    used 1215K, committed 1280K, reserved 1048576K

Heap Regions: E=young(eden), S=young(survivor), O=old, HS=humongous(starts), HC=humongous(continues), CS=collection set, F=free, OA=open archive, CA=closed archive, TAMS=top-at-mark-start (previous, next)
|   0|0x00000000e0000000, 0x00000000e0100000, 0x00000000e0100000|100%|HS|  |TAMS 0x00000000e0000000, 0x00000000e0000000| Complete 
|   1|0x00000000e0100000, 0x00000000e0200000, 0x00000000e0200000|100%| O|  |TAMS 0x00000000e0100000, 0x00000000e0100000| Untracked 
|   2|0x00000000e0200000, 0x00000000e0300000, 0x00000000e0300000|100%| O|  |TAMS 0x00000000e0200000, 0x00000000e0200000| Untracked 
|   3|0x00000000e0300000, 0x00000000e0400000, 0x00000000e0400000|100%| O|  |TAMS 0x00000000e0300000, 0x00000000e0300000| Untracked 
|   4|0x00000000e0400000, 0x00000000e0498a00, 0x00000000e0500000| 59%| O|  |TAMS 0x00000000e0400000, 0x00000000e0400000| Untracked 
|   5|0x00000000e0500000, 0x00000000e0500000, 0x00000000e0600000|  0%| F|  |TAMS 0x00000000e0500000, 0x00000000e0500000| Untracked 
|   6|0x00000000e0600000, 0x00000000e0600000, 0x00000000e0700000|  0%| F|  |TAMS 0x00000000e0600000, 0x00000000e0600000| Untracked 
|   7|0x00000000e0700000, 0x00000000e0700000, 0x00000000e0800000|  0%| F|  |TAMS 0x00000000e0700000, 0x00000000e0700000| Untracked 
|   8|0x00000000e0800000, 0x00000000e0800000, 0x00000000e0900000|  0%| F|  |TAMS 0x00000000e0800000, 0x00000000e0800000| Untracked 
|   9|0x00000000e0900000, 0x00000000e0900000, 0x00000000e0a00000|  0%| F|  |TAMS 0x00000000e0900000, 0x00000000e0900000| Untracked 
|  10|0x00000000e0a00000, 0x00000000e0a00000, 0x00000000e0b00000|  0%| F|  |TAMS 0x00000000e0a00000, 0x00000000e0a00000| Untracked 
|  11|0x00000000e0b00000, 0x00000000e0b00000, 0x00000000e0c00000|  0%| F|  |TAMS 0x00000000e0b00000, 0x00000000e0b00000| Untracked 
|  12|0x00000000e0c00000, 0x00000000e0c00000, 0x00000000e0d00000|  0%| F|  |TAMS 0x00000000e0c00000, 0x00000000e0c00000| Untracked 
|  13|0x00000000e0d00000, 0x00000000e0d00000, 0x00000000e0e00000|  0%| F|  |TAMS 0x00000000e0d00000, 0x00000000e0d00000| Untracked 
|  14|0x00000000e0e00000, 0x00000000e0e00000, 0x00000000e0f00000|  0%| F|  |TAMS 0x00000000e0e00000, 0x00000000e0e00000| Untracked 
|  15|0x00000000e0f00000, 0x00000000e0f00000, 0x00000000e1000000|  0%| F|  |TAMS 0x00000000e0f00000, 0x00000000e0f00000| Untracked 
|  16|0x00000000e1000000, 0x00000000e1000000, 0x00000000e1100000|  0%| F|  |TAMS 0x00000000e1000000, 0x00000000e1000000| Untracked 
|  17|0x00000000e1100000, 0x00000000e1100000, 0x00000000e1200000|  0%| F|  |TAMS 0x00000000e1100000, 0x00000000e1100000| Untracked 
|  18|0x00000000e1200000, 0x00000000e1200000, 0x00000000e1300000|  0%| F|  |TAMS 0x00000000e1200000, 0x00000000e1200000| Untracked 
|  19|0x00000000e1300000, 0x00000000e1300000, 0x00000000e1400000|  0%| F|  |TAMS 0x00000000e1300000, 0x00000000e1300000| Untracked 
|  20|0x00000000e1400000, 0x00000000e1400000, 0x00000000e1500000|  0%| F|  |TAMS 0x00000000e1400000, 0x00000000e1400000| Untracked 
|  21|0x00000000e1500000, 0x00000000e1500000, 0x00000000e1600000|  0%| F|  |TAMS 0x00000000e1500000, 0x00000000e1500000| Untracked 
|  22|0x00000000e1600000, 0x00000000e1600000, 0x00000000e1700000|  0%| F|  |TAMS 0x00000000e1600000, 0x00000000e1600000| Untracked 
|  23|0x00000000e1700000, 0x00000000e1700000, 0x00000000e1800000|  0%| F|  |TAMS 0x00000000e1700000, 0x00000000e1700000| Untracked 
|  24|0x00000000e1800000, 0x00000000e1800000, 0x00000000e1900000|  0%| F|  |TAMS 0x00000000e1800000, 0x00000000e1800000| Untracked 
|  25|0x00000000e1900000, 0x00000000e1900000, 0x00000000e1a00000|  0%| F|  |TAMS 0x00000000e1900000, 0x00000000e1900000| Untracked 
|  26|0x00000000e1a00000, 0x00000000e1a00000, 0x00000000e1b00000|  0%| F|  |TAMS 0x00000000e1a00000, 0x00000000e1a00000| Untracked 
|  27|0x00000000e1b00000, 0x00000000e1b00000, 0x00000000e1c00000|  0%| F|  |TAMS 0x00000000e1b00000, 0x00000000e1b00000| Untracked 
|  28|0x00000000e1c00000, 0x00000000e1c00000, 0x00000000e1d00000|  0%| F|  |TAMS 0x00000000e1c00000, 0x00000000e1c00000| Untracked 
|  29|0x00000000e1d00000, 0x00000000e1d00000, 0x00000000e1e00000|  0%| F|  |TAMS 0x00000000e1d00000, 0x00000000e1d00000| Untracked 
|  30|0x00000000e1e00000, 0x00000000e1e00000, 0x00000000e1f00000|  0%| F|  |TAMS 0x00000000e1e00000, 0x00000000e1e00000| Untracked 
|  31|0x00000000e1f00000, 0x00000000e1f00000, 0x00000000e2000000|  0%| F|  |TAMS 0x00000000e1f00000, 0x00000000e1f00000| Untracked 
|  32|0x00000000e2000000, 0x00000000e2000000, 0x00000000e2100000|  0%| F|  |TAMS 0x00000000e2000000, 0x00000000e2000000| Untracked 
|  33|0x00000000e2100000, 0x00000000e2100000, 0x00000000e2200000|  0%| F|  |TAMS 0x00000000e2100000, 0x00000000e2100000| Untracked 
|  34|0x00000000e2200000, 0x00000000e2200000, 0x00000000e2300000|  0%| F|  |TAMS 0x00000000e2200000, 0x00000000e2200000| Untracked 
|  35|0x00000000e2300000, 0x00000000e2300000, 0x00000000e2400000|  0%| F|  |TAMS 0x00000000e2300000, 0x00000000e2300000| Untracked 
|  36|0x00000000e2400000, 0x00000000e2400000, 0x00000000e2500000|  0%| F|  |TAMS 0x00000000e2400000, 0x00000000e2400000| Untracked 
|  37|0x00000000e2500000, 0x00000000e2500000, 0x00000000e2600000|  0%| F|  |TAMS 0x00000000e2500000, 0x00000000e2500000| Untracked 
|  38|0x00000000e2600000, 0x00000000e2600000, 0x00000000e2700000|  0%| F|  |TAMS 0x00000000e2600000, 0x00000000e2600000| Untracked 
|  39|0x00000000e2700000, 0x00000000e2700000, 0x00000000e2800000|  0%| F|  |TAMS 0x00000000e2700000, 0x00000000e2700000| Untracked 
|  40|0x00000000e2800000, 0x00000000e2800000, 0x00000000e2900000|  0%| F|  |TAMS 0x00000000e2800000, 0x00000000e2800000| Untracked 
|  41|0x00000000e2900000, 0x00000000e2900000, 0x00000000e2a00000|  0%| F|  |TAMS 0x00000000e2900000, 0x00000000e2900000| Untracked 
|  42|0x00000000e2a00000, 0x00000000e2a00000, 0x00000000e2b00000|  0%| F|  |TAMS 0x00000000e2a00000, 0x00000000e2a00000| Untracked 
|  43|0x00000000e2b00000, 0x00000000e2b00000, 0x00000000e2c00000|  0%| F|  |TAMS 0x00000000e2b00000, 0x00000000e2b00000| Untracked 
|  44|0x00000000e2c00000, 0x00000000e2c00000, 0x00000000e2d00000|  0%| F|  |TAMS 0x00000000e2c00000, 0x00000000e2c00000| Untracked 
|  45|0x00000000e2d00000, 0x00000000e2d00000, 0x00000000e2e00000|  0%| F|  |TAMS 0x00000000e2d00000, 0x00000000e2d00000| Untracked 
|  46|0x00000000e2e00000, 0x00000000e2e00000, 0x00000000e2f00000|  0%| F|  |TAMS 0x00000000e2e00000, 0x00000000e2e00000| Untracked 
|  47|0x00000000e2f00000, 0x00000000e2f00000, 0x00000000e3000000|  0%| F|  |TAMS 0x00000000e2f00000, 0x00000000e2f00000| Untracked 
|  48|0x00000000e3000000, 0x00000000e3000000, 0x00000000e3100000|  0%| F|  |TAMS 0x00000000e3000000, 0x00000000e3000000| Untracked 
|  49|0x00000000e3100000, 0x00000000e3100000, 0x00000000e3200000|  0%| F|  |TAMS 0x00000000e3100000, 0x00000000e3100000| Untracked 
|  50|0x00000000e3200000, 0x00000000e3200000, 0x00000000e3300000|  0%| F|  |TAMS 0x00000000e3200000, 0x00000000e3200000| Untracked 
|  51|0x00000000e3300000, 0x00000000e3300000, 0x00000000e3400000|  0%| F|  |TAMS 0x00000000e3300000, 0x00000000e3300000| Untracked 
|  52|0x00000000e3400000, 0x00000000e3400000, 0x00000000e3500000|  0%| F|  |TAMS 0x00000000e3400000, 0x00000000e3400000| Untracked 
|  53|0x00000000e3500000, 0x00000000e3500000, 0x00000000e3600000|  0%| F|  |TAMS 0x00000000e3500000, 0x00000000e3500000| Untracked 
|  54|0x00000000e3600000, 0x00000000e3600000, 0x00000000e3700000|  0%| F|  |TAMS 0x00000000e3600000, 0x00000000e3600000| Untracked 
|  55|0x00000000e3700000, 0x00000000e3700000, 0x00000000e3800000|  0%| F|  |TAMS 0x00000000e3700000, 0x00000000e3700000| Untracked 
|  56|0x00000000e3800000, 0x00000000e3800000, 0x00000000e3900000|  0%| F|  |TAMS 0x00000000e3800000, 0x00000000e3800000| Untracked 
|  57|0x00000000e3900000, 0x00000000e3900000, 0x00000000e3a00000|  0%| F|  |TAMS 0x00000000e3900000, 0x00000000e3900000| Untracked 
|  58|0x00000000e3a00000, 0x00000000e3a00000, 0x00000000e3b00000|  0%| F|  |TAMS 0x00000000e3a00000, 0x00000000e3a00000| Untracked 
|  59|0x00000000e3b00000, 0x00000000e3b00000, 0x00000000e3c00000|  0%| F|  |TAMS 0x00000000e3b00000, 0x00000000e3b00000| Untracked 
|  60|0x00000000e3c00000, 0x00000000e3c00000, 0x00000000e3d00000|  0%| F|  |TAMS 0x00000000e3c00000, 0x00000000e3c00000| Untracked 
|  61|0x00000000e3d00000, 0x00000000e3d00000, 0x00000000e3e00000|  0%| F|  |TAMS 0x00000000e3d00000, 0x00000000e3d00000| Untracked 
|  62|0x00000000e3e00000, 0x00000000e3e00000, 0x00000000e3f00000|  0%| F|  |TAMS 0x00000000e3e00000, 0x00000000e3e00000| Untracked 
|  63|0x00000000e3f00000, 0x00000000e3f00000, 0x00000000e4000000|  0%| F|  |TAMS 0x00000000e3f00000, 0x00000000e3f00000| Untracked 
|  64|0x00000000e4000000, 0x00000000e4000000, 0x00000000e4100000|  0%| F|  |TAMS 0x00000000e4000000, 0x00000000e4000000| Untracked 
|  65|0x00000000e4100000, 0x00000000e4100000, 0x00000000e4200000|  0%| F|  |TAMS 0x00000000e4100000, 0x00000000e4100000| Untracked 
|  66|0x00000000e4200000, 0x00000000e4200000, 0x00000000e4300000|  0%| F|  |TAMS 0x00000000e4200000, 0x00000000e4200000| Untracked 
|  67|0x00000000e4300000, 0x00000000e4300000, 0x00000000e4400000|  0%| F|  |TAMS 0x00000000e4300000, 0x00000000e4300000| Untracked 
|  68|0x00000000e4400000, 0x00000000e4400000, 0x00000000e4500000|  0%| F|  |TAMS 0x00000000e4400000, 0x00000000e4400000| Untracked 
|  69|0x00000000e4500000, 0x00000000e4500000, 0x00000000e4600000|  0%| F|  |TAMS 0x00000000e4500000, 0x00000000e4500000| Untracked 
|  70|0x00000000e4600000, 0x00000000e4600000, 0x00000000e4700000|  0%| F|  |TAMS 0x00000000e4600000, 0x00000000e4600000| Untracked 
|  71|0x00000000e4700000, 0x00000000e4700000, 0x00000000e4800000|  0%| F|  |TAMS 0x00000000e4700000, 0x00000000e4700000| Untracked 
|  72|0x00000000e4800000, 0x00000000e4800000, 0x00000000e4900000|  0%| F|  |TAMS 0x00000000e4800000, 0x00000000e4800000| Untracked 
|  73|0x00000000e4900000, 0x00000000e4900000, 0x00000000e4a00000|  0%| F|  |TAMS 0x00000000e4900000, 0x00000000e4900000| Untracked 
|  74|0x00000000e4a00000, 0x00000000e4a00000, 0x00000000e4b00000|  0%| F|  |TAMS 0x00000000e4a00000, 0x00000000e4a00000| Untracked 
|  75|0x00000000e4b00000, 0x00000000e4b00000, 0x00000000e4c00000|  0%| F|  |TAMS 0x00000000e4b00000, 0x00000000e4b00000| Untracked 
|  76|0x00000000e4c00000, 0x00000000e4c00000, 0x00000000e4d00000|  0%| F|  |TAMS 0x00000000e4c00000, 0x00000000e4c00000| Untracked 
|  77|0x00000000e4d00000, 0x00000000e4d00000, 0x00000000e4e00000|  0%| F|  |TAMS 0x00000000e4d00000, 0x00000000e4d00000| Untracked 
|  78|0x00000000e4e00000, 0x00000000e4e00000, 0x00000000e4f00000|  0%| F|  |TAMS 0x00000000e4e00000, 0x00000000e4e00000| Untracked 
|  79|0x00000000e4f00000, 0x00000000e4f00000, 0x00000000e5000000|  0%| F|  |TAMS 0x00000000e4f00000, 0x00000000e4f00000| Untracked 
|  80|0x00000000e5000000, 0x00000000e5000000, 0x00000000e5100000|  0%| F|  |TAMS 0x00000000e5000000, 0x00000000e5000000| Untracked 
|  81|0x00000000e5100000, 0x00000000e5100000, 0x00000000e5200000|  0%| F|  |TAMS 0x00000000e5100000, 0x00000000e5100000| Untracked 
|  82|0x00000000e5200000, 0x00000000e5200000, 0x00000000e5300000|  0%| F|  |TAMS 0x00000000e5200000, 0x00000000e5200000| Untracked 
|  83|0x00000000e5300000, 0x00000000e5300000, 0x00000000e5400000|  0%| F|  |TAMS 0x00000000e5300000, 0x00000000e5300000| Untracked 
|  84|0x00000000e5400000, 0x00000000e5400000, 0x00000000e5500000|  0%| F|  |TAMS 0x00000000e5400000, 0x00000000e5400000| Untracked 
|  85|0x00000000e5500000, 0x00000000e5500000, 0x00000000e5600000|  0%| F|  |TAMS 0x00000000e5500000, 0x00000000e5500000| Untracked 
|  86|0x00000000e5600000, 0x00000000e5600000, 0x00000000e5700000|  0%| F|  |TAMS 0x00000000e5600000, 0x00000000e5600000| Untracked 
|  87|0x00000000e5700000, 0x00000000e5700000, 0x00000000e5800000|  0%| F|  |TAMS 0x00000000e5700000, 0x00000000e5700000| Untracked 
|  88|0x00000000e5800000, 0x00000000e5800000, 0x00000000e5900000|  0%| F|  |TAMS 0x00000000e5800000, 0x00000000e5800000| Untracked 
|  89|0x00000000e5900000, 0x00000000e5900000, 0x00000000e5a00000|  0%| F|  |TAMS 0x00000000e5900000, 0x00000000e5900000| Untracked 
|  90|0x00000000e5a00000, 0x00000000e5a00000, 0x00000000e5b00000|  0%| F|  |TAMS 0x00000000e5a00000, 0x00000000e5a00000| Untracked 
|  91|0x00000000e5b00000, 0x00000000e5b00000, 0x00000000e5c00000|  0%| F|  |TAMS 0x00000000e5b00000, 0x00000000e5b00000| Untracked 
|  92|0x00000000e5c00000, 0x00000000e5c00000, 0x00000000e5d00000|  0%| F|  |TAMS 0x00000000e5c00000, 0x00000000e5c00000| Untracked 
|  93|0x00000000e5d00000, 0x00000000e5d00000, 0x00000000e5e00000|  0%| F|  |TAMS 0x00000000e5d00000, 0x00000000e5d00000| Untracked 
|  94|0x00000000e5e00000, 0x00000000e5e00000, 0x00000000e5f00000|  0%| F|  |TAMS 0x00000000e5e00000, 0x00000000e5e00000| Untracked 
|  95|0x00000000e5f00000, 0x00000000e5f00000, 0x00000000e6000000|  0%| F|  |TAMS 0x00000000e5f00000, 0x00000000e5f00000| Untracked 
|  96|0x00000000e6000000, 0x00000000e6000000, 0x00000000e6100000|  0%| F|  |TAMS 0x00000000e6000000, 0x00000000e6000000| Untracked 
|  97|0x00000000e6100000, 0x00000000e6100000, 0x00000000e6200000|  0%| F|  |TAMS 0x00000000e6100000, 0x00000000e6100000| Untracked 
|  98|0x00000000e6200000, 0x00000000e6200000, 0x00000000e6300000|  0%| F|  |TAMS 0x00000000e6200000, 0x00000000e6200000| Untracked 
|  99|0x00000000e6300000, 0x00000000e6300000, 0x00000000e6400000|  0%| F|  |TAMS 0x00000000e6300000, 0x00000000e6300000| Untracked 
| 100|0x00000000e6400000, 0x00000000e6400000, 0x00000000e6500000|  0%| F|  |TAMS 0x00000000e6400000, 0x00000000e6400000| Untracked 
| 101|0x00000000e6500000, 0x00000000e6500000, 0x00000000e6600000|  0%| F|  |TAMS 0x00000000e6500000, 0x00000000e6500000| Untracked 
| 102|0x00000000e6600000, 0x00000000e6600000, 0x00000000e6700000|  0%| F|  |TAMS 0x00000000e6600000, 0x00000000e6600000| Untracked 
| 103|0x00000000e6700000, 0x00000000e6700000, 0x00000000e6800000|  0%| F|  |TAMS 0x00000000e6700000, 0x00000000e6700000| Untracked 
| 104|0x00000000e6800000, 0x00000000e6800000, 0x00000000e6900000|  0%| F|  |TAMS 0x00000000e6800000, 0x00000000e6800000| Untracked 
| 105|0x00000000e6900000, 0x00000000e6900000, 0x00000000e6a00000|  0%| F|  |TAMS 0x00000000e6900000, 0x00000000e6900000| Untracked 
| 106|0x00000000e6a00000, 0x00000000e6a00000, 0x00000000e6b00000|  0%| F|  |TAMS 0x00000000e6a00000, 0x00000000e6a00000| Untracked 
| 107|0x00000000e6b00000, 0x00000000e6b00000, 0x00000000e6c00000|  0%| F|  |TAMS 0x00000000e6b00000, 0x00000000e6b00000| Untracked 
| 108|0x00000000e6c00000, 0x00000000e6c00000, 0x00000000e6d00000|  0%| F|  |TAMS 0x00000000e6c00000, 0x00000000e6c00000| Untracked 
| 109|0x00000000e6d00000, 0x00000000e6d00000, 0x00000000e6e00000|  0%| F|  |TAMS 0x00000000e6d00000, 0x00000000e6d00000| Untracked 
| 110|0x00000000e6e00000, 0x00000000e6e00000, 0x00000000e6f00000|  0%| F|  |TAMS 0x00000000e6e00000, 0x00000000e6e00000| Untracked 
| 111|0x00000000e6f00000, 0x00000000e6f00000, 0x00000000e7000000|  0%| F|  |TAMS 0x00000000e6f00000, 0x00000000e6f00000| Untracked 
| 112|0x00000000e7000000, 0x00000000e7000000, 0x00000000e7100000|  0%| F|  |TAMS 0x00000000e7000000, 0x00000000e7000000| Untracked 
| 113|0x00000000e7100000, 0x00000000e7100000, 0x00000000e7200000|  0%| F|  |TAMS 0x00000000e7100000, 0x00000000e7100000| Untracked 
| 114|0x00000000e7200000, 0x00000000e7200000, 0x00000000e7300000|  0%| F|  |TAMS 0x00000000e7200000, 0x00000000e7200000| Untracked 
| 115|0x00000000e7300000, 0x00000000e7300000, 0x00000000e7400000|  0%| F|  |TAMS 0x00000000e7300000, 0x00000000e7300000| Untracked 
| 116|0x00000000e7400000, 0x00000000e7400000, 0x00000000e7500000|  0%| F|  |TAMS 0x00000000e7400000, 0x00000000e7400000| Untracked 
| 117|0x00000000e7500000, 0x00000000e7500000, 0x00000000e7600000|  0%| F|  |TAMS 0x00000000e7500000, 0x00000000e7500000| Untracked 
| 118|0x00000000e7600000, 0x00000000e7600000, 0x00000000e7700000|  0%| F|  |TAMS 0x00000000e7600000, 0x00000000e7600000| Untracked 
| 119|0x00000000e7700000, 0x00000000e7700000, 0x00000000e7800000|  0%| F|  |TAMS 0x00000000e7700000, 0x00000000e7700000| Untracked 
| 120|0x00000000e7800000, 0x00000000e7800000, 0x00000000e7900000|  0%| F|  |TAMS 0x00000000e7800000, 0x00000000e7800000| Untracked 
| 121|0x00000000e7900000, 0x00000000e7900000, 0x00000000e7a00000|  0%| F|  |TAMS 0x00000000e7900000, 0x00000000e7900000| Untracked 
| 122|0x00000000e7a00000, 0x00000000e7a00000, 0x00000000e7b00000|  0%| F|  |TAMS 0x00000000e7a00000, 0x00000000e7a00000| Untracked 
| 123|0x00000000e7b00000, 0x00000000e7b00000, 0x00000000e7c00000|  0%| F|  |TAMS 0x00000000e7b00000, 0x00000000e7b00000| Untracked 
| 124|0x00000000e7c00000, 0x00000000e7c00000, 0x00000000e7d00000|  0%| F|  |TAMS 0x00000000e7c00000, 0x00000000e7c00000| Untracked 
| 125|0x00000000e7d00000, 0x00000000e7d00000, 0x00000000e7e00000|  0%| F|  |TAMS 0x00000000e7d00000, 0x00000000e7d00000| Untracked 
| 126|0x00000000e7e00000, 0x00000000e7e00000, 0x00000000e7f00000|  0%| F|  |TAMS 0x00000000e7e00000, 0x00000000e7e00000| Untracked 
| 127|0x00000000e7f00000, 0x00000000e7f00000, 0x00000000e8000000|  0%| F|  |TAMS 0x00000000e7f00000, 0x00000000e7f00000| Untracked 
| 128|0x00000000e8000000, 0x00000000e8000000, 0x00000000e8100000|  0%| F|  |TAMS 0x00000000e8000000, 0x00000000e8000000| Untracked 
| 129|0x00000000e8100000, 0x00000000e8100000, 0x00000000e8200000|  0%| F|  |TAMS 0x00000000e8100000, 0x00000000e8100000| Untracked 
| 130|0x00000000e8200000, 0x00000000e8200000, 0x00000000e8300000|  0%| F|  |TAMS 0x00000000e8200000, 0x00000000e8200000| Untracked 
| 131|0x00000000e8300000, 0x00000000e8300000, 0x00000000e8400000|  0%| F|  |TAMS 0x00000000e8300000, 0x00000000e8300000| Untracked 
| 132|0x00000000e8400000, 0x00000000e8400000, 0x00000000e8500000|  0%| F|  |TAMS 0x00000000e8400000, 0x00000000e8400000| Untracked 
| 133|0x00000000e8500000, 0x00000000e8500000, 0x00000000e8600000|  0%| F|  |TAMS 0x00000000e8500000, 0x00000000e8500000| Untracked 
| 134|0x00000000e8600000, 0x00000000e8600000, 0x00000000e8700000|  0%| F|  |TAMS 0x00000000e8600000, 0x00000000e8600000| Untracked 
| 135|0x00000000e8700000, 0x00000000e8700000, 0x00000000e8800000|  0%| F|  |TAMS 0x00000000e8700000, 0x00000000e8700000| Untracked 
| 136|0x00000000e8800000, 0x00000000e8800000, 0x00000000e8900000|  0%| F|  |TAMS 0x00000000e8800000, 0x00000000e8800000| Untracked 
| 137|0x00000000e8900000, 0x00000000e8900000, 0x00000000e8a00000|  0%| F|  |TAMS 0x00000000e8900000, 0x00000000e8900000| Untracked 
| 138|0x00000000e8a00000, 0x00000000e8a00000, 0x00000000e8b00000|  0%| F|  |TAMS 0x00000000e8a00000, 0x00000000e8a00000| Untracked 
| 139|0x00000000e8b00000, 0x00000000e8b00000, 0x00000000e8c00000|  0%| F|  |TAMS 0x00000000e8b00000, 0x00000000e8b00000| Untracked 
| 140|0x00000000e8c00000, 0x00000000e8c00000, 0x00000000e8d00000|  0%| F|  |TAMS 0x00000000e8c00000, 0x00000000e8c00000| Untracked 
| 141|0x00000000e8d00000, 0x00000000e8d00000, 0x00000000e8e00000|  0%| F|  |TAMS 0x00000000e8d00000, 0x00000000e8d00000| Untracked 
| 142|0x00000000e8e00000, 0x00000000e8e00000, 0x00000000e8f00000|  0%| F|  |TAMS 0x00000000e8e00000, 0x00000000e8e00000| Untracked 
| 143|0x00000000e8f00000, 0x00000000e8f00000, 0x00000000e9000000|  0%| F|  |TAMS 0x00000000e8f00000, 0x00000000e8f00000| Untracked 
| 144|0x00000000e9000000, 0x00000000e9000000, 0x00000000e9100000|  0%| F|  |TAMS 0x00000000e9000000, 0x00000000e9000000| Untracked 
| 145|0x00000000e9100000, 0x00000000e9100000, 0x00000000e9200000|  0%| F|  |TAMS 0x00000000e9100000, 0x00000000e9100000| Untracked 
| 146|0x00000000e9200000, 0x00000000e9200000, 0x00000000e9300000|  0%| F|  |TAMS 0x00000000e9200000, 0x00000000e9200000| Untracked 
| 147|0x00000000e9300000, 0x00000000e9300000, 0x00000000e9400000|  0%| F|  |TAMS 0x00000000e9300000, 0x00000000e9300000| Untracked 
| 148|0x00000000e9400000, 0x00000000e9400000, 0x00000000e9500000|  0%| F|  |TAMS 0x00000000e9400000, 0x00000000e9400000| Untracked 
| 149|0x00000000e9500000, 0x00000000e9500000, 0x00000000e9600000|  0%| F|  |TAMS 0x00000000e9500000, 0x00000000e9500000| Untracked 
| 150|0x00000000e9600000, 0x00000000e9600000, 0x00000000e9700000|  0%| F|  |TAMS 0x00000000e9600000, 0x00000000e9600000| Untracked 
| 151|0x00000000e9700000, 0x00000000e9700000, 0x00000000e9800000|  0%| F|  |TAMS 0x00000000e9700000, 0x00000000e9700000| Untracked 
| 152|0x00000000e9800000, 0x00000000e9800000, 0x00000000e9900000|  0%| F|  |TAMS 0x00000000e9800000, 0x00000000e9800000| Untracked 
| 153|0x00000000e9900000, 0x00000000e9900000, 0x00000000e9a00000|  0%| F|  |TAMS 0x00000000e9900000, 0x00000000e9900000| Untracked 
| 154|0x00000000e9a00000, 0x00000000e9a00000, 0x00000000e9b00000|  0%| F|  |TAMS 0x00000000e9a00000, 0x00000000e9a00000| Untracked 
| 155|0x00000000e9b00000, 0x00000000e9b00000, 0x00000000e9c00000|  0%| F|  |TAMS 0x00000000e9b00000, 0x00000000e9b00000| Untracked 
| 156|0x00000000e9c00000, 0x00000000e9c00000, 0x00000000e9d00000|  0%| F|  |TAMS 0x00000000e9c00000, 0x00000000e9c00000| Untracked 
| 157|0x00000000e9d00000, 0x00000000e9d00000, 0x00000000e9e00000|  0%| F|  |TAMS 0x00000000e9d00000, 0x00000000e9d00000| Untracked 
| 158|0x00000000e9e00000, 0x00000000e9e00000, 0x00000000e9f00000|  0%| F|  |TAMS 0x00000000e9e00000, 0x00000000e9e00000| Untracked 
| 159|0x00000000e9f00000, 0x00000000e9f00000, 0x00000000ea000000|  0%| F|  |TAMS 0x00000000e9f00000, 0x00000000e9f00000| Untracked 
| 160|0x00000000ea000000, 0x00000000ea000000, 0x00000000ea100000|  0%| F|  |TAMS 0x00000000ea000000, 0x00000000ea000000| Untracked 
| 161|0x00000000ea100000, 0x00000000ea100000, 0x00000000ea200000|  0%| F|  |TAMS 0x00000000ea100000, 0x00000000ea100000| Untracked 
| 162|0x00000000ea200000, 0x00000000ea200000, 0x00000000ea300000|  0%| F|  |TAMS 0x00000000ea200000, 0x00000000ea200000| Untracked 
| 163|0x00000000ea300000, 0x00000000ea300000, 0x00000000ea400000|  0%| F|  |TAMS 0x00000000ea300000, 0x00000000ea300000| Untracked 
| 164|0x00000000ea400000, 0x00000000ea400000, 0x00000000ea500000|  0%| F|  |TAMS 0x00000000ea400000, 0x00000000ea400000| Untracked 
| 165|0x00000000ea500000, 0x00000000ea500000, 0x00000000ea600000|  0%| F|  |TAMS 0x00000000ea500000, 0x00000000ea500000| Untracked 
| 166|0x00000000ea600000, 0x00000000ea600000, 0x00000000ea700000|  0%| F|  |TAMS 0x00000000ea600000, 0x00000000ea600000| Untracked 
| 167|0x00000000ea700000, 0x00000000ea700000, 0x00000000ea800000|  0%| F|  |TAMS 0x00000000ea700000, 0x00000000ea700000| Untracked 
| 168|0x00000000ea800000, 0x00000000ea800000, 0x00000000ea900000|  0%| F|  |TAMS 0x00000000ea800000, 0x00000000ea800000| Untracked 
| 169|0x00000000ea900000, 0x00000000ea900000, 0x00000000eaa00000|  0%| F|  |TAMS 0x00000000ea900000, 0x00000000ea900000| Untracked 
| 170|0x00000000eaa00000, 0x00000000eaa00000, 0x00000000eab00000|  0%| F|  |TAMS 0x00000000eaa00000, 0x00000000eaa00000| Untracked 
| 171|0x00000000eab00000, 0x00000000eab00000, 0x00000000eac00000|  0%| F|  |TAMS 0x00000000eab00000, 0x00000000eab00000| Untracked 
| 172|0x00000000eac00000, 0x00000000eac00000, 0x00000000ead00000|  0%| F|  |TAMS 0x00000000eac00000, 0x00000000eac00000| Untracked 
| 173|0x00000000ead00000, 0x00000000ead00000, 0x00000000eae00000|  0%| F|  |TAMS 0x00000000ead00000, 0x00000000ead00000| Untracked 
| 174|0x00000000eae00000, 0x00000000eae00000, 0x00000000eaf00000|  0%| F|  |TAMS 0x00000000eae00000, 0x00000000eae00000| Untracked 
| 175|0x00000000eaf00000, 0x00000000eaf00000, 0x00000000eb000000|  0%| F|  |TAMS 0x00000000eaf00000, 0x00000000eaf00000| Untracked 
| 176|0x00000000eb000000, 0x00000000eb000000, 0x00000000eb100000|  0%| F|  |TAMS 0x00000000eb000000, 0x00000000eb000000| Untracked 
| 177|0x00000000eb100000, 0x00000000eb100000, 0x00000000eb200000|  0%| F|  |TAMS 0x00000000eb100000, 0x00000000eb100000| Untracked 
| 178|0x00000000eb200000, 0x00000000eb200000, 0x00000000eb300000|  0%| F|  |TAMS 0x00000000eb200000, 0x00000000eb200000| Untracked 
| 179|0x00000000eb300000, 0x00000000eb300000, 0x00000000eb400000|  0%| F|  |TAMS 0x00000000eb300000, 0x00000000eb300000| Untracked 
| 180|0x00000000eb400000, 0x00000000eb400000, 0x00000000eb500000|  0%| F|  |TAMS 0x00000000eb400000, 0x00000000eb400000| Untracked 
| 181|0x00000000eb500000, 0x00000000eb500000, 0x00000000eb600000|  0%| F|  |TAMS 0x00000000eb500000, 0x00000000eb500000| Untracked 
| 182|0x00000000eb600000, 0x00000000eb600000, 0x00000000eb700000|  0%| F|  |TAMS 0x00000000eb600000, 0x00000000eb600000| Untracked 
| 183|0x00000000eb700000, 0x00000000eb700000, 0x00000000eb800000|  0%| F|  |TAMS 0x00000000eb700000, 0x00000000eb700000| Untracked 
| 184|0x00000000eb800000, 0x00000000eb800000, 0x00000000eb900000|  0%| F|  |TAMS 0x00000000eb800000, 0x00000000eb800000| Untracked 
| 185|0x00000000eb900000, 0x00000000eb900000, 0x00000000eba00000|  0%| F|  |TAMS 0x00000000eb900000, 0x00000000eb900000| Untracked 
| 186|0x00000000eba00000, 0x00000000eba00000, 0x00000000ebb00000|  0%| F|  |TAMS 0x00000000eba00000, 0x00000000eba00000| Untracked 
| 187|0x00000000ebb00000, 0x00000000ebb00000, 0x00000000ebc00000|  0%| F|  |TAMS 0x00000000ebb00000, 0x00000000ebb00000| Untracked 
| 188|0x00000000ebc00000, 0x00000000ebc00000, 0x00000000ebd00000|  0%| F|  |TAMS 0x00000000ebc00000, 0x00000000ebc00000| Untracked 
| 189|0x00000000ebd00000, 0x00000000ebd00000, 0x00000000ebe00000|  0%| F|  |TAMS 0x00000000ebd00000, 0x00000000ebd00000| Untracked 
| 190|0x00000000ebe00000, 0x00000000ebe00000, 0x00000000ebf00000|  0%| F|  |TAMS 0x00000000ebe00000, 0x00000000ebe00000| Untracked 
| 191|0x00000000ebf00000, 0x00000000ebf00000, 0x00000000ec000000|  0%| F|  |TAMS 0x00000000ebf00000, 0x00000000ebf00000| Untracked 
| 192|0x00000000ec000000, 0x00000000ec000000, 0x00000000ec100000|  0%| F|  |TAMS 0x00000000ec000000, 0x00000000ec000000| Untracked 
| 193|0x00000000ec100000, 0x00000000ec100000, 0x00000000ec200000|  0%| F|  |TAMS 0x00000000ec100000, 0x00000000ec100000| Untracked 
| 194|0x00000000ec200000, 0x00000000ec200000, 0x00000000ec300000|  0%| F|  |TAMS 0x00000000ec200000, 0x00000000ec200000| Untracked 
| 195|0x00000000ec300000, 0x00000000ec300000, 0x00000000ec400000|  0%| F|  |TAMS 0x00000000ec300000, 0x00000000ec300000| Untracked 
| 196|0x00000000ec400000, 0x00000000ec400000, 0x00000000ec500000|  0%| F|  |TAMS 0x00000000ec400000, 0x00000000ec400000| Untracked 
| 197|0x00000000ec500000, 0x00000000ec500000, 0x00000000ec600000|  0%| F|  |TAMS 0x00000000ec500000, 0x00000000ec500000| Untracked 
| 198|0x00000000ec600000, 0x00000000ec600000, 0x00000000ec700000|  0%| F|  |TAMS 0x00000000ec600000, 0x00000000ec600000| Untracked 
| 199|0x00000000ec700000, 0x00000000ec700000, 0x00000000ec800000|  0%| F|  |TAMS 0x00000000ec700000, 0x00000000ec700000| Untracked 
| 200|0x00000000ec800000, 0x00000000ec800000, 0x00000000ec900000|  0%| F|  |TAMS 0x00000000ec800000, 0x00000000ec800000| Untracked 
| 201|0x00000000ec900000, 0x00000000ec900000, 0x00000000eca00000|  0%| F|  |TAMS 0x00000000ec900000, 0x00000000ec900000| Untracked 
| 202|0x00000000eca00000, 0x00000000eca00000, 0x00000000ecb00000|  0%| F|  |TAMS 0x00000000eca00000, 0x00000000eca00000| Untracked 
| 203|0x00000000ecb00000, 0x00000000ecb00000, 0x00000000ecc00000|  0%| F|  |TAMS 0x00000000ecb00000, 0x00000000ecb00000| Untracked 
| 204|0x00000000ecc00000, 0x00000000ecc00000, 0x00000000ecd00000|  0%| F|  |TAMS 0x00000000ecc00000, 0x00000000ecc00000| Untracked 
| 205|0x00000000ecd00000, 0x00000000ecd00000, 0x00000000ece00000|  0%| F|  |TAMS 0x00000000ecd00000, 0x00000000ecd00000| Untracked 
| 206|0x00000000ece00000, 0x00000000ece00000, 0x00000000ecf00000|  0%| F|  |TAMS 0x00000000ece00000, 0x00000000ece00000| Untracked 
| 207|0x00000000ecf00000, 0x00000000ecf00000, 0x00000000ed000000|  0%| F|  |TAMS 0x00000000ecf00000, 0x00000000ecf00000| Untracked 
| 208|0x00000000ed000000, 0x00000000ed000000, 0x00000000ed100000|  0%| F|  |TAMS 0x00000000ed000000, 0x00000000ed000000| Untracked 
| 209|0x00000000ed100000, 0x00000000ed100000, 0x00000000ed200000|  0%| F|  |TAMS 0x00000000ed100000, 0x00000000ed100000| Untracked 
| 210|0x00000000ed200000, 0x00000000ed200000, 0x00000000ed300000|  0%| F|  |TAMS 0x00000000ed200000, 0x00000000ed200000| Untracked 
| 211|0x00000000ed300000, 0x00000000ed300000, 0x00000000ed400000|  0%| F|  |TAMS 0x00000000ed300000, 0x00000000ed300000| Untracked 
| 212|0x00000000ed400000, 0x00000000ed400000, 0x00000000ed500000|  0%| F|  |TAMS 0x00000000ed400000, 0x00000000ed400000| Untracked 
| 213|0x00000000ed500000, 0x00000000ed500000, 0x00000000ed600000|  0%| F|  |TAMS 0x00000000ed500000, 0x00000000ed500000| Untracked 
| 214|0x00000000ed600000, 0x00000000ed600000, 0x00000000ed700000|  0%| F|  |TAMS 0x00000000ed600000, 0x00000000ed600000| Untracked 
| 215|0x00000000ed700000, 0x00000000ed700000, 0x00000000ed800000|  0%| F|  |TAMS 0x00000000ed700000, 0x00000000ed700000| Untracked 
| 216|0x00000000ed800000, 0x00000000ed800000, 0x00000000ed900000|  0%| F|  |TAMS 0x00000000ed800000, 0x00000000ed800000| Untracked 
| 217|0x00000000ed900000, 0x00000000ed900000, 0x00000000eda00000|  0%| F|  |TAMS 0x00000000ed900000, 0x00000000ed900000| Untracked 
| 218|0x00000000eda00000, 0x00000000eda00000, 0x00000000edb00000|  0%| F|  |TAMS 0x00000000eda00000, 0x00000000eda00000| Untracked 
| 219|0x00000000edb00000, 0x00000000edb00000, 0x00000000edc00000|  0%| F|  |TAMS 0x00000000edb00000, 0x00000000edb00000| Untracked 
| 220|0x00000000edc00000, 0x00000000edc00000, 0x00000000edd00000|  0%| F|  |TAMS 0x00000000edc00000, 0x00000000edc00000| Untracked 
| 221|0x00000000edd00000, 0x00000000edd00000, 0x00000000ede00000|  0%| F|  |TAMS 0x00000000edd00000, 0x00000000edd00000| Untracked 
| 222|0x00000000ede00000, 0x00000000ede00000, 0x00000000edf00000|  0%| F|  |TAMS 0x00000000ede00000, 0x00000000ede00000| Untracked 
| 223|0x00000000edf00000, 0x00000000edf00000, 0x00000000ee000000|  0%| F|  |TAMS 0x00000000edf00000, 0x00000000edf00000| Untracked 
| 224|0x00000000ee000000, 0x00000000ee000000, 0x00000000ee100000|  0%| F|  |TAMS 0x00000000ee000000, 0x00000000ee000000| Untracked 
| 225|0x00000000ee100000, 0x00000000ee100000, 0x00000000ee200000|  0%| F|  |TAMS 0x00000000ee100000, 0x00000000ee100000| Untracked 
| 226|0x00000000ee200000, 0x00000000ee200000, 0x00000000ee300000|  0%| F|  |TAMS 0x00000000ee200000, 0x00000000ee200000| Untracked 
| 227|0x00000000ee300000, 0x00000000ee300000, 0x00000000ee400000|  0%| F|  |TAMS 0x00000000ee300000, 0x00000000ee300000| Untracked 
| 228|0x00000000ee400000, 0x00000000ee400000, 0x00000000ee500000|  0%| F|  |TAMS 0x00000000ee400000, 0x00000000ee400000| Untracked 
| 229|0x00000000ee500000, 0x00000000ee500000, 0x00000000ee600000|  0%| F|  |TAMS 0x00000000ee500000, 0x00000000ee500000| Untracked 
| 230|0x00000000ee600000, 0x00000000ee600000, 0x00000000ee700000|  0%| F|  |TAMS 0x00000000ee600000, 0x00000000ee600000| Untracked 
| 231|0x00000000ee700000, 0x00000000ee700000, 0x00000000ee800000|  0%| F|  |TAMS 0x00000000ee700000, 0x00000000ee700000| Untracked 
| 232|0x00000000ee800000, 0x00000000ee800000, 0x00000000ee900000|  0%| F|  |TAMS 0x00000000ee800000, 0x00000000ee800000| Untracked 
| 233|0x00000000ee900000, 0x00000000ee900000, 0x00000000eea00000|  0%| F|  |TAMS 0x00000000ee900000, 0x00000000ee900000| Untracked 
| 234|0x00000000eea00000, 0x00000000eea00000, 0x00000000eeb00000|  0%| F|  |TAMS 0x00000000eea00000, 0x00000000eea00000| Untracked 
| 235|0x00000000eeb00000, 0x00000000eeb00000, 0x00000000eec00000|  0%| F|  |TAMS 0x00000000eeb00000, 0x00000000eeb00000| Untracked 
| 236|0x00000000eec00000, 0x00000000eec00000, 0x00000000eed00000|  0%| F|  |TAMS 0x00000000eec00000, 0x00000000eec00000| Untracked 
| 237|0x00000000eed00000, 0x00000000eed00000, 0x00000000eee00000|  0%| F|  |TAMS 0x00000000eed00000, 0x00000000eed00000| Untracked 
| 238|0x00000000eee00000, 0x00000000eee00000, 0x00000000eef00000|  0%| F|  |TAMS 0x00000000eee00000, 0x00000000eee00000| Untracked 
| 239|0x00000000eef00000, 0x00000000eef00000, 0x00000000ef000000|  0%| F|  |TAMS 0x00000000eef00000, 0x00000000eef00000| Untracked 
| 240|0x00000000ef000000, 0x00000000ef000000, 0x00000000ef100000|  0%| F|  |TAMS 0x00000000ef000000, 0x00000000ef000000| Untracked 
| 241|0x00000000ef100000, 0x00000000ef100000, 0x00000000ef200000|  0%| F|  |TAMS 0x00000000ef100000, 0x00000000ef100000| Untracked 
| 242|0x00000000ef200000, 0x00000000ef200000, 0x00000000ef300000|  0%| F|  |TAMS 0x00000000ef200000, 0x00000000ef200000| Untracked 
| 243|0x00000000ef300000, 0x00000000ef300000, 0x00000000ef400000|  0%| F|  |TAMS 0x00000000ef300000, 0x00000000ef300000| Untracked 
| 244|0x00000000ef400000, 0x00000000ef400000, 0x00000000ef500000|  0%| F|  |TAMS 0x00000000ef400000, 0x00000000ef400000| Untracked 
| 245|0x00000000ef500000, 0x00000000ef500000, 0x00000000ef600000|  0%| F|  |TAMS 0x00000000ef500000, 0x00000000ef500000| Untracked 
| 246|0x00000000ef600000, 0x00000000ef600000, 0x00000000ef700000|  0%| F|  |TAMS 0x00000000ef600000, 0x00000000ef600000| Untracked 
| 247|0x00000000ef700000, 0x00000000ef700000, 0x00000000ef800000|  0%| F|  |TAMS 0x00000000ef700000, 0x00000000ef700000| Untracked 
| 248|0x00000000ef800000, 0x00000000ef800000, 0x00000000ef900000|  0%| F|  |TAMS 0x00000000ef800000, 0x00000000ef800000| Untracked 
| 249|0x00000000ef900000, 0x00000000ef900000, 0x00000000efa00000|  0%| F|  |TAMS 0x00000000ef900000, 0x00000000ef900000| Untracked 
| 250|0x00000000efa00000, 0x00000000efa00000, 0x00000000efb00000|  0%| F|  |TAMS 0x00000000efa00000, 0x00000000efa00000| Untracked 
| 251|0x00000000efb00000, 0x00000000efb00000, 0x00000000efc00000|  0%| F|  |TAMS 0x00000000efb00000, 0x00000000efb00000| Untracked 
| 252|0x00000000efc00000, 0x00000000efc00000, 0x00000000efd00000|  0%| F|  |TAMS 0x00000000efc00000, 0x00000000efc00000| Untracked 
| 253|0x00000000efd00000, 0x00000000efd00000, 0x00000000efe00000|  0%| F|  |TAMS 0x00000000efd00000, 0x00000000efd00000| Untracked 
| 254|0x00000000efe00000, 0x00000000efe00000, 0x00000000eff00000|  0%| F|  |TAMS 0x00000000efe00000, 0x00000000efe00000| Untracked 
| 255|0x00000000eff00000, 0x00000000eff00000, 0x00000000f0000000|  0%| F|  |TAMS 0x00000000eff00000, 0x00000000eff00000| Untracked 
| 256|0x00000000f0000000, 0x00000000f0000000, 0x00000000f0100000|  0%| F|  |TAMS 0x00000000f0000000, 0x00000000f0000000| Untracked 
| 257|0x00000000f0100000, 0x00000000f0100000, 0x00000000f0200000|  0%| F|  |TAMS 0x00000000f0100000, 0x00000000f0100000| Untracked 
| 258|0x00000000f0200000, 0x00000000f0200000, 0x00000000f0300000|  0%| F|  |TAMS 0x00000000f0200000, 0x00000000f0200000| Untracked 
| 259|0x00000000f0300000, 0x00000000f0300000, 0x00000000f0400000|  0%| F|  |TAMS 0x00000000f0300000, 0x00000000f0300000| Untracked 
| 260|0x00000000f0400000, 0x00000000f0400000, 0x00000000f0500000|  0%| F|  |TAMS 0x00000000f0400000, 0x00000000f0400000| Untracked 
| 261|0x00000000f0500000, 0x00000000f0500000, 0x00000000f0600000|  0%| F|  |TAMS 0x00000000f0500000, 0x00000000f0500000| Untracked 
| 262|0x00000000f0600000, 0x00000000f0600000, 0x00000000f0700000|  0%| F|  |TAMS 0x00000000f0600000, 0x00000000f0600000| Untracked 
| 263|0x00000000f0700000, 0x00000000f0700000, 0x00000000f0800000|  0%| F|  |TAMS 0x00000000f0700000, 0x00000000f0700000| Untracked 
| 264|0x00000000f0800000, 0x00000000f0800000, 0x00000000f0900000|  0%| F|  |TAMS 0x00000000f0800000, 0x00000000f0800000| Untracked 
| 265|0x00000000f0900000, 0x00000000f0900000, 0x00000000f0a00000|  0%| F|  |TAMS 0x00000000f0900000, 0x00000000f0900000| Untracked 
| 266|0x00000000f0a00000, 0x00000000f0a00000, 0x00000000f0b00000|  0%| F|  |TAMS 0x00000000f0a00000, 0x00000000f0a00000| Untracked 
| 267|0x00000000f0b00000, 0x00000000f0b00000, 0x00000000f0c00000|  0%| F|  |TAMS 0x00000000f0b00000, 0x00000000f0b00000| Untracked 
| 268|0x00000000f0c00000, 0x00000000f0c00000, 0x00000000f0d00000|  0%| F|  |TAMS 0x00000000f0c00000, 0x00000000f0c00000| Untracked 
| 269|0x00000000f0d00000, 0x00000000f0d00000, 0x00000000f0e00000|  0%| F|  |TAMS 0x00000000f0d00000, 0x00000000f0d00000| Untracked 
| 270|0x00000000f0e00000, 0x00000000f0e00000, 0x00000000f0f00000|  0%| F|  |TAMS 0x00000000f0e00000, 0x00000000f0e00000| Untracked 
| 271|0x00000000f0f00000, 0x00000000f0f00000, 0x00000000f1000000|  0%| F|  |TAMS 0x00000000f0f00000, 0x00000000f0f00000| Untracked 
| 272|0x00000000f1000000, 0x00000000f1000000, 0x00000000f1100000|  0%| F|  |TAMS 0x00000000f1000000, 0x00000000f1000000| Untracked 
| 273|0x00000000f1100000, 0x00000000f1100000, 0x00000000f1200000|  0%| F|  |TAMS 0x00000000f1100000, 0x00000000f1100000| Untracked 
| 274|0x00000000f1200000, 0x00000000f1200000, 0x00000000f1300000|  0%| F|  |TAMS 0x00000000f1200000, 0x00000000f1200000| Untracked 
| 275|0x00000000f1300000, 0x00000000f1300000, 0x00000000f1400000|  0%| F|  |TAMS 0x00000000f1300000, 0x00000000f1300000| Untracked 
| 276|0x00000000f1400000, 0x00000000f1400000, 0x00000000f1500000|  0%| F|  |TAMS 0x00000000f1400000, 0x00000000f1400000| Untracked 
| 277|0x00000000f1500000, 0x00000000f1500000, 0x00000000f1600000|  0%| F|  |TAMS 0x00000000f1500000, 0x00000000f1500000| Untracked 
| 278|0x00000000f1600000, 0x00000000f1600000, 0x00000000f1700000|  0%| F|  |TAMS 0x00000000f1600000, 0x00000000f1600000| Untracked 
| 279|0x00000000f1700000, 0x00000000f1700000, 0x00000000f1800000|  0%| F|  |TAMS 0x00000000f1700000, 0x00000000f1700000| Untracked 
| 280|0x00000000f1800000, 0x00000000f1800000, 0x00000000f1900000|  0%| F|  |TAMS 0x00000000f1800000, 0x00000000f1800000| Untracked 
| 281|0x00000000f1900000, 0x00000000f1900000, 0x00000000f1a00000|  0%| F|  |TAMS 0x00000000f1900000, 0x00000000f1900000| Untracked 
| 282|0x00000000f1a00000, 0x00000000f1a00000, 0x00000000f1b00000|  0%| F|  |TAMS 0x00000000f1a00000, 0x00000000f1a00000| Untracked 
| 283|0x00000000f1b00000, 0x00000000f1b00000, 0x00000000f1c00000|  0%| F|  |TAMS 0x00000000f1b00000, 0x00000000f1b00000| Untracked 
| 284|0x00000000f1c00000, 0x00000000f1c00000, 0x00000000f1d00000|  0%| F|  |TAMS 0x00000000f1c00000, 0x00000000f1c00000| Untracked 
| 285|0x00000000f1d00000, 0x00000000f1d00000, 0x00000000f1e00000|  0%| F|  |TAMS 0x00000000f1d00000, 0x00000000f1d00000| Untracked 
| 286|0x00000000f1e00000, 0x00000000f1e00000, 0x00000000f1f00000|  0%| F|  |TAMS 0x00000000f1e00000, 0x00000000f1e00000| Untracked 
| 287|0x00000000f1f00000, 0x00000000f1f00000, 0x00000000f2000000|  0%| F|  |TAMS 0x00000000f1f00000, 0x00000000f1f00000| Untracked 
| 288|0x00000000f2000000, 0x00000000f2000000, 0x00000000f2100000|  0%| F|  |TAMS 0x00000000f2000000, 0x00000000f2000000| Untracked 
| 289|0x00000000f2100000, 0x00000000f2100000, 0x00000000f2200000|  0%| F|  |TAMS 0x00000000f2100000, 0x00000000f2100000| Untracked 
| 290|0x00000000f2200000, 0x00000000f2200000, 0x00000000f2300000|  0%| F|  |TAMS 0x00000000f2200000, 0x00000000f2200000| Untracked 
| 291|0x00000000f2300000, 0x00000000f2300000, 0x00000000f2400000|  0%| F|  |TAMS 0x00000000f2300000, 0x00000000f2300000| Untracked 
| 292|0x00000000f2400000, 0x00000000f2400000, 0x00000000f2500000|  0%| F|  |TAMS 0x00000000f2400000, 0x00000000f2400000| Untracked 
| 293|0x00000000f2500000, 0x00000000f2500000, 0x00000000f2600000|  0%| F|  |TAMS 0x00000000f2500000, 0x00000000f2500000| Untracked 
| 294|0x00000000f2600000, 0x00000000f2600000, 0x00000000f2700000|  0%| F|  |TAMS 0x00000000f2600000, 0x00000000f2600000| Untracked 
| 295|0x00000000f2700000, 0x00000000f2700000, 0x00000000f2800000|  0%| F|  |TAMS 0x00000000f2700000, 0x00000000f2700000| Untracked 
| 296|0x00000000f2800000, 0x00000000f2800000, 0x00000000f2900000|  0%| F|  |TAMS 0x00000000f2800000, 0x00000000f2800000| Untracked 
| 297|0x00000000f2900000, 0x00000000f2900000, 0x00000000f2a00000|  0%| F|  |TAMS 0x00000000f2900000, 0x00000000f2900000| Untracked 
| 298|0x00000000f2a00000, 0x00000000f2a00000, 0x00000000f2b00000|  0%| F|  |TAMS 0x00000000f2a00000, 0x00000000f2a00000| Untracked 
| 299|0x00000000f2b00000, 0x00000000f2b00000, 0x00000000f2c00000|  0%| F|  |TAMS 0x00000000f2b00000, 0x00000000f2b00000| Untracked 
| 300|0x00000000f2c00000, 0x00000000f2c00000, 0x00000000f2d00000|  0%| F|  |TAMS 0x00000000f2c00000, 0x00000000f2c00000| Untracked 
| 301|0x00000000f2d00000, 0x00000000f2d00000, 0x00000000f2e00000|  0%| F|  |TAMS 0x00000000f2d00000, 0x00000000f2d00000| Untracked 
| 302|0x00000000f2e00000, 0x00000000f2e00000, 0x00000000f2f00000|  0%| F|  |TAMS 0x00000000f2e00000, 0x00000000f2e00000| Untracked 
| 303|0x00000000f2f00000, 0x00000000f2f00000, 0x00000000f3000000|  0%| F|  |TAMS 0x00000000f2f00000, 0x00000000f2f00000| Untracked 
| 304|0x00000000f3000000, 0x00000000f3000000, 0x00000000f3100000|  0%| F|  |TAMS 0x00000000f3000000, 0x00000000f3000000| Untracked 
| 305|0x00000000f3100000, 0x00000000f3100000, 0x00000000f3200000|  0%| F|  |TAMS 0x00000000f3100000, 0x00000000f3100000| Untracked 
| 306|0x00000000f3200000, 0x00000000f3200000, 0x00000000f3300000|  0%| F|  |TAMS 0x00000000f3200000, 0x00000000f3200000| Untracked 
| 307|0x00000000f3300000, 0x00000000f3300000, 0x00000000f3400000|  0%| F|  |TAMS 0x00000000f3300000, 0x00000000f3300000| Untracked 
| 308|0x00000000f3400000, 0x00000000f3400000, 0x00000000f3500000|  0%| F|  |TAMS 0x00000000f3400000, 0x00000000f3400000| Untracked 
| 309|0x00000000f3500000, 0x00000000f3500000, 0x00000000f3600000|  0%| F|  |TAMS 0x00000000f3500000, 0x00000000f3500000| Untracked 
| 310|0x00000000f3600000, 0x00000000f3600000, 0x00000000f3700000|  0%| F|  |TAMS 0x00000000f3600000, 0x00000000f3600000| Untracked 
| 311|0x00000000f3700000, 0x00000000f3700000, 0x00000000f3800000|  0%| F|  |TAMS 0x00000000f3700000, 0x00000000f3700000| Untracked 
| 312|0x00000000f3800000, 0x00000000f3800000, 0x00000000f3900000|  0%| F|  |TAMS 0x00000000f3800000, 0x00000000f3800000| Untracked 
| 313|0x00000000f3900000, 0x00000000f3900000, 0x00000000f3a00000|  0%| F|  |TAMS 0x00000000f3900000, 0x00000000f3900000| Untracked 
| 314|0x00000000f3a00000, 0x00000000f3a00000, 0x00000000f3b00000|  0%| F|  |TAMS 0x00000000f3a00000, 0x00000000f3a00000| Untracked 
| 315|0x00000000f3b00000, 0x00000000f3b00000, 0x00000000f3c00000|  0%| F|  |TAMS 0x00000000f3b00000, 0x00000000f3b00000| Untracked 
| 316|0x00000000f3c00000, 0x00000000f3c00000, 0x00000000f3d00000|  0%| F|  |TAMS 0x00000000f3c00000, 0x00000000f3c00000| Untracked 
| 317|0x00000000f3d00000, 0x00000000f3d00000, 0x00000000f3e00000|  0%| F|  |TAMS 0x00000000f3d00000, 0x00000000f3d00000| Untracked 
| 318|0x00000000f3e00000, 0x00000000f3e00000, 0x00000000f3f00000|  0%| F|  |TAMS 0x00000000f3e00000, 0x00000000f3e00000| Untracked 
| 319|0x00000000f3f00000, 0x00000000f3f00000, 0x00000000f4000000|  0%| F|  |TAMS 0x00000000f3f00000, 0x00000000f3f00000| Untracked 
| 320|0x00000000f4000000, 0x00000000f4000000, 0x00000000f4100000|  0%| F|  |TAMS 0x00000000f4000000, 0x00000000f4000000| Untracked 
| 321|0x00000000f4100000, 0x00000000f4100000, 0x00000000f4200000|  0%| F|  |TAMS 0x00000000f4100000, 0x00000000f4100000| Untracked 
| 322|0x00000000f4200000, 0x00000000f4200000, 0x00000000f4300000|  0%| F|  |TAMS 0x00000000f4200000, 0x00000000f4200000| Untracked 
| 323|0x00000000f4300000, 0x00000000f4300000, 0x00000000f4400000|  0%| F|  |TAMS 0x00000000f4300000, 0x00000000f4300000| Untracked 
| 324|0x00000000f4400000, 0x00000000f4400000, 0x00000000f4500000|  0%| F|  |TAMS 0x00000000f4400000, 0x00000000f4400000| Untracked 
| 325|0x00000000f4500000, 0x00000000f4500000, 0x00000000f4600000|  0%| F|  |TAMS 0x00000000f4500000, 0x00000000f4500000| Untracked 
| 326|0x00000000f4600000, 0x00000000f4600000, 0x00000000f4700000|  0%| F|  |TAMS 0x00000000f4600000, 0x00000000f4600000| Untracked 
| 327|0x00000000f4700000, 0x00000000f4700000, 0x00000000f4800000|  0%| F|  |TAMS 0x00000000f4700000, 0x00000000f4700000| Untracked 
| 328|0x00000000f4800000, 0x00000000f4800000, 0x00000000f4900000|  0%| F|  |TAMS 0x00000000f4800000, 0x00000000f4800000| Untracked 
| 329|0x00000000f4900000, 0x00000000f4900000, 0x00000000f4a00000|  0%| F|  |TAMS 0x00000000f4900000, 0x00000000f4900000| Untracked 
| 330|0x00000000f4a00000, 0x00000000f4a00000, 0x00000000f4b00000|  0%| F|  |TAMS 0x00000000f4a00000, 0x00000000f4a00000| Untracked 
| 331|0x00000000f4b00000, 0x00000000f4b00000, 0x00000000f4c00000|  0%| F|  |TAMS 0x00000000f4b00000, 0x00000000f4b00000| Untracked 
| 332|0x00000000f4c00000, 0x00000000f4c00000, 0x00000000f4d00000|  0%| F|  |TAMS 0x00000000f4c00000, 0x00000000f4c00000| Untracked 
| 333|0x00000000f4d00000, 0x00000000f4d00000, 0x00000000f4e00000|  0%| F|  |TAMS 0x00000000f4d00000, 0x00000000f4d00000| Untracked 
| 334|0x00000000f4e00000, 0x00000000f4e00000, 0x00000000f4f00000|  0%| F|  |TAMS 0x00000000f4e00000, 0x00000000f4e00000| Untracked 
| 335|0x00000000f4f00000, 0x00000000f4f00000, 0x00000000f5000000|  0%| F|  |TAMS 0x00000000f4f00000, 0x00000000f4f00000| Untracked 
| 336|0x00000000f5000000, 0x00000000f5000000, 0x00000000f5100000|  0%| F|  |TAMS 0x00000000f5000000, 0x00000000f5000000| Untracked 
| 337|0x00000000f5100000, 0x00000000f5100000, 0x00000000f5200000|  0%| F|  |TAMS 0x00000000f5100000, 0x00000000f5100000| Untracked 
| 338|0x00000000f5200000, 0x00000000f5200000, 0x00000000f5300000|  0%| F|  |TAMS 0x00000000f5200000, 0x00000000f5200000| Untracked 
| 339|0x00000000f5300000, 0x00000000f5300000, 0x00000000f5400000|  0%| F|  |TAMS 0x00000000f5300000, 0x00000000f5300000| Untracked 
| 340|0x00000000f5400000, 0x00000000f5400000, 0x00000000f5500000|  0%| F|  |TAMS 0x00000000f5400000, 0x00000000f5400000| Untracked 
| 341|0x00000000f5500000, 0x00000000f5500000, 0x00000000f5600000|  0%| F|  |TAMS 0x00000000f5500000, 0x00000000f5500000| Untracked 
| 342|0x00000000f5600000, 0x00000000f5600000, 0x00000000f5700000|  0%| F|  |TAMS 0x00000000f5600000, 0x00000000f5600000| Untracked 
| 343|0x00000000f5700000, 0x00000000f5700000, 0x00000000f5800000|  0%| F|  |TAMS 0x00000000f5700000, 0x00000000f5700000| Untracked 
| 344|0x00000000f5800000, 0x00000000f5800000, 0x00000000f5900000|  0%| F|  |TAMS 0x00000000f5800000, 0x00000000f5800000| Untracked 
| 345|0x00000000f5900000, 0x00000000f5900000, 0x00000000f5a00000|  0%| F|  |TAMS 0x00000000f5900000, 0x00000000f5900000| Untracked 
| 346|0x00000000f5a00000, 0x00000000f5a00000, 0x00000000f5b00000|  0%| F|  |TAMS 0x00000000f5a00000, 0x00000000f5a00000| Untracked 
| 347|0x00000000f5b00000, 0x00000000f5b00000, 0x00000000f5c00000|  0%| F|  |TAMS 0x00000000f5b00000, 0x00000000f5b00000| Untracked 
| 348|0x00000000f5c00000, 0x00000000f5c00000, 0x00000000f5d00000|  0%| F|  |TAMS 0x00000000f5c00000, 0x00000000f5c00000| Untracked 
| 349|0x00000000f5d00000, 0x00000000f5d00000, 0x00000000f5e00000|  0%| F|  |TAMS 0x00000000f5d00000, 0x00000000f5d00000| Untracked 
| 350|0x00000000f5e00000, 0x00000000f5e00000, 0x00000000f5f00000|  0%| F|  |TAMS 0x00000000f5e00000, 0x00000000f5e00000| Untracked 
| 351|0x00000000f5f00000, 0x00000000f5f00000, 0x00000000f6000000|  0%| F|  |TAMS 0x00000000f5f00000, 0x00000000f5f00000| Untracked 
| 352|0x00000000f6000000, 0x00000000f6000000, 0x00000000f6100000|  0%| F|  |TAMS 0x00000000f6000000, 0x00000000f6000000| Untracked 
| 353|0x00000000f6100000, 0x00000000f6100000, 0x00000000f6200000|  0%| F|  |TAMS 0x00000000f6100000, 0x00000000f6100000| Untracked 
| 354|0x00000000f6200000, 0x00000000f6200000, 0x00000000f6300000|  0%| F|  |TAMS 0x00000000f6200000, 0x00000000f6200000| Untracked 
| 355|0x00000000f6300000, 0x00000000f6300000, 0x00000000f6400000|  0%| F|  |TAMS 0x00000000f6300000, 0x00000000f6300000| Untracked 
| 356|0x00000000f6400000, 0x00000000f6400000, 0x00000000f6500000|  0%| F|  |TAMS 0x00000000f6400000, 0x00000000f6400000| Untracked 
| 357|0x00000000f6500000, 0x00000000f6500000, 0x00000000f6600000|  0%| F|  |TAMS 0x00000000f6500000, 0x00000000f6500000| Untracked 
| 358|0x00000000f6600000, 0x00000000f6600000, 0x00000000f6700000|  0%| F|  |TAMS 0x00000000f6600000, 0x00000000f6600000| Untracked 
| 359|0x00000000f6700000, 0x00000000f6700000, 0x00000000f6800000|  0%| F|  |TAMS 0x00000000f6700000, 0x00000000f6700000| Untracked 
| 360|0x00000000f6800000, 0x00000000f6800000, 0x00000000f6900000|  0%| F|  |TAMS 0x00000000f6800000, 0x00000000f6800000| Untracked 
| 361|0x00000000f6900000, 0x00000000f6900000, 0x00000000f6a00000|  0%| F|  |TAMS 0x00000000f6900000, 0x00000000f6900000| Untracked 
| 362|0x00000000f6a00000, 0x00000000f6a00000, 0x00000000f6b00000|  0%| F|  |TAMS 0x00000000f6a00000, 0x00000000f6a00000| Untracked 
| 363|0x00000000f6b00000, 0x00000000f6b00000, 0x00000000f6c00000|  0%| F|  |TAMS 0x00000000f6b00000, 0x00000000f6b00000| Untracked 
| 364|0x00000000f6c00000, 0x00000000f6c00000, 0x00000000f6d00000|  0%| F|  |TAMS 0x00000000f6c00000, 0x00000000f6c00000| Untracked 
| 365|0x00000000f6d00000, 0x00000000f6d00000, 0x00000000f6e00000|  0%| F|  |TAMS 0x00000000f6d00000, 0x00000000f6d00000| Untracked 
| 366|0x00000000f6e00000, 0x00000000f6e00000, 0x00000000f6f00000|  0%| F|  |TAMS 0x00000000f6e00000, 0x00000000f6e00000| Untracked 
| 367|0x00000000f6f00000, 0x00000000f6f00000, 0x00000000f7000000|  0%| F|  |TAMS 0x00000000f6f00000, 0x00000000f6f00000| Untracked 
| 368|0x00000000f7000000, 0x00000000f7000000, 0x00000000f7100000|  0%| F|  |TAMS 0x00000000f7000000, 0x00000000f7000000| Untracked 
| 369|0x00000000f7100000, 0x00000000f7100000, 0x00000000f7200000|  0%| F|  |TAMS 0x00000000f7100000, 0x00000000f7100000| Untracked 
| 370|0x00000000f7200000, 0x00000000f7200000, 0x00000000f7300000|  0%| F|  |TAMS 0x00000000f7200000, 0x00000000f7200000| Untracked 
| 371|0x00000000f7300000, 0x00000000f7300000, 0x00000000f7400000|  0%| F|  |TAMS 0x00000000f7300000, 0x00000000f7300000| Untracked 
| 372|0x00000000f7400000, 0x00000000f7400000, 0x00000000f7500000|  0%| F|  |TAMS 0x00000000f7400000, 0x00000000f7400000| Untracked 
| 373|0x00000000f7500000, 0x00000000f7500000, 0x00000000f7600000|  0%| F|  |TAMS 0x00000000f7500000, 0x00000000f7500000| Untracked 
| 374|0x00000000f7600000, 0x00000000f7600000, 0x00000000f7700000|  0%| F|  |TAMS 0x00000000f7600000, 0x00000000f7600000| Untracked 
| 375|0x00000000f7700000, 0x00000000f7700000, 0x00000000f7800000|  0%| F|  |TAMS 0x00000000f7700000, 0x00000000f7700000| Untracked 
| 376|0x00000000f7800000, 0x00000000f7800000, 0x00000000f7900000|  0%| F|  |TAMS 0x00000000f7800000, 0x00000000f7800000| Untracked 
| 377|0x00000000f7900000, 0x00000000f7900000, 0x00000000f7a00000|  0%| F|  |TAMS 0x00000000f7900000, 0x00000000f7900000| Untracked 
| 378|0x00000000f7a00000, 0x00000000f7a00000, 0x00000000f7b00000|  0%| F|  |TAMS 0x00000000f7a00000, 0x00000000f7a00000| Untracked 
| 379|0x00000000f7b00000, 0x00000000f7b00000, 0x00000000f7c00000|  0%| F|  |TAMS 0x00000000f7b00000, 0x00000000f7b00000| Untracked 
| 380|0x00000000f7c00000, 0x00000000f7c00000, 0x00000000f7d00000|  0%| F|  |TAMS 0x00000000f7c00000, 0x00000000f7c00000| Untracked 
| 381|0x00000000f7d00000, 0x00000000f7d00000, 0x00000000f7e00000|  0%| F|  |TAMS 0x00000000f7d00000, 0x00000000f7d00000| Untracked 
| 382|0x00000000f7e00000, 0x00000000f7e00000, 0x00000000f7f00000|  0%| F|  |TAMS 0x00000000f7e00000, 0x00000000f7e00000| Untracked 
| 383|0x00000000f7f00000, 0x00000000f7f00000, 0x00000000f8000000|  0%| F|  |TAMS 0x00000000f7f00000, 0x00000000f7f00000| Untracked 
| 384|0x00000000f8000000, 0x00000000f8000000, 0x00000000f8100000|  0%| F|  |TAMS 0x00000000f8000000, 0x00000000f8000000| Untracked 
| 385|0x00000000f8100000, 0x00000000f8100000, 0x00000000f8200000|  0%| F|  |TAMS 0x00000000f8100000, 0x00000000f8100000| Untracked 
| 386|0x00000000f8200000, 0x00000000f8200000, 0x00000000f8300000|  0%| F|  |TAMS 0x00000000f8200000, 0x00000000f8200000| Untracked 
| 387|0x00000000f8300000, 0x00000000f8300000, 0x00000000f8400000|  0%| F|  |TAMS 0x00000000f8300000, 0x00000000f8300000| Untracked 
| 388|0x00000000f8400000, 0x00000000f8400000, 0x00000000f8500000|  0%| F|  |TAMS 0x00000000f8400000, 0x00000000f8400000| Untracked 
| 389|0x00000000f8500000, 0x00000000f8500000, 0x00000000f8600000|  0%| F|  |TAMS 0x00000000f8500000, 0x00000000f8500000| Untracked 
| 390|0x00000000f8600000, 0x00000000f8600000, 0x00000000f8700000|  0%| F|  |TAMS 0x00000000f8600000, 0x00000000f8600000| Untracked 
| 391|0x00000000f8700000, 0x00000000f8700000, 0x00000000f8800000|  0%| F|  |TAMS 0x00000000f8700000, 0x00000000f8700000| Untracked 
| 392|0x00000000f8800000, 0x00000000f8800000, 0x00000000f8900000|  0%| F|  |TAMS 0x00000000f8800000, 0x00000000f8800000| Untracked 
| 393|0x00000000f8900000, 0x00000000f8900000, 0x00000000f8a00000|  0%| F|  |TAMS 0x00000000f8900000, 0x00000000f8900000| Untracked 
| 394|0x00000000f8a00000, 0x00000000f8a00000, 0x00000000f8b00000|  0%| F|  |TAMS 0x00000000f8a00000, 0x00000000f8a00000| Untracked 
| 395|0x00000000f8b00000, 0x00000000f8b00000, 0x00000000f8c00000|  0%| F|  |TAMS 0x00000000f8b00000, 0x00000000f8b00000| Untracked 
| 396|0x00000000f8c00000, 0x00000000f8c00000, 0x00000000f8d00000|  0%| F|  |TAMS 0x00000000f8c00000, 0x00000000f8c00000| Untracked 
| 397|0x00000000f8d00000, 0x00000000f8d00000, 0x00000000f8e00000|  0%| F|  |TAMS 0x00000000f8d00000, 0x00000000f8d00000| Untracked 
| 398|0x00000000f8e00000, 0x00000000f8e00000, 0x00000000f8f00000|  0%| F|  |TAMS 0x00000000f8e00000, 0x00000000f8e00000| Untracked 
| 399|0x00000000f8f00000, 0x00000000f8f00000, 0x00000000f9000000|  0%| F|  |TAMS 0x00000000f8f00000, 0x00000000f8f00000| Untracked 
| 400|0x00000000f9000000, 0x00000000f9000000, 0x00000000f9100000|  0%| F|  |TAMS 0x00000000f9000000, 0x00000000f9000000| Untracked 
| 401|0x00000000f9100000, 0x00000000f9100000, 0x00000000f9200000|  0%| F|  |TAMS 0x00000000f9100000, 0x00000000f9100000| Untracked 
| 402|0x00000000f9200000, 0x00000000f9200000, 0x00000000f9300000|  0%| F|  |TAMS 0x00000000f9200000, 0x00000000f9200000| Untracked 
| 403|0x00000000f9300000, 0x00000000f9300000, 0x00000000f9400000|  0%| F|  |TAMS 0x00000000f9300000, 0x00000000f9300000| Untracked 
| 404|0x00000000f9400000, 0x00000000f9400000, 0x00000000f9500000|  0%| F|  |TAMS 0x00000000f9400000, 0x00000000f9400000| Untracked 
| 405|0x00000000f9500000, 0x00000000f9500000, 0x00000000f9600000|  0%| F|  |TAMS 0x00000000f9500000, 0x00000000f9500000| Untracked 
| 406|0x00000000f9600000, 0x00000000f9600000, 0x00000000f9700000|  0%| F|  |TAMS 0x00000000f9600000, 0x00000000f9600000| Untracked 
| 407|0x00000000f9700000, 0x00000000f9700000, 0x00000000f9800000|  0%| F|  |TAMS 0x00000000f9700000, 0x00000000f9700000| Untracked 
| 408|0x00000000f9800000, 0x00000000f9800000, 0x00000000f9900000|  0%| F|  |TAMS 0x00000000f9800000, 0x00000000f9800000| Untracked 
| 409|0x00000000f9900000, 0x00000000f9900000, 0x00000000f9a00000|  0%| F|  |TAMS 0x00000000f9900000, 0x00000000f9900000| Untracked 
| 410|0x00000000f9a00000, 0x00000000f9a00000, 0x00000000f9b00000|  0%| F|  |TAMS 0x00000000f9a00000, 0x00000000f9a00000| Untracked 
| 411|0x00000000f9b00000, 0x00000000f9b00000, 0x00000000f9c00000|  0%| F|  |TAMS 0x00000000f9b00000, 0x00000000f9b00000| Untracked 
| 412|0x00000000f9c00000, 0x00000000f9c00000, 0x00000000f9d00000|  0%| F|  |TAMS 0x00000000f9c00000, 0x00000000f9c00000| Untracked 
| 413|0x00000000f9d00000, 0x00000000f9d00000, 0x00000000f9e00000|  0%| F|  |TAMS 0x00000000f9d00000, 0x00000000f9d00000| Untracked 
| 414|0x00000000f9e00000, 0x00000000f9e00000, 0x00000000f9f00000|  0%| F|  |TAMS 0x00000000f9e00000, 0x00000000f9e00000| Untracked 
| 415|0x00000000f9f00000, 0x00000000f9f00000, 0x00000000fa000000|  0%| F|  |TAMS 0x00000000f9f00000, 0x00000000f9f00000| Untracked 
| 416|0x00000000fa000000, 0x00000000fa000000, 0x00000000fa100000|  0%| F|  |TAMS 0x00000000fa000000, 0x00000000fa000000| Untracked 
| 417|0x00000000fa100000, 0x00000000fa100000, 0x00000000fa200000|  0%| F|  |TAMS 0x00000000fa100000, 0x00000000fa100000| Untracked 
| 418|0x00000000fa200000, 0x00000000fa200000, 0x00000000fa300000|  0%| F|  |TAMS 0x00000000fa200000, 0x00000000fa200000| Untracked 
| 419|0x00000000fa300000, 0x00000000fa300000, 0x00000000fa400000|  0%| F|  |TAMS 0x00000000fa300000, 0x00000000fa300000| Untracked 
| 420|0x00000000fa400000, 0x00000000fa400000, 0x00000000fa500000|  0%| F|  |TAMS 0x00000000fa400000, 0x00000000fa400000| Untracked 
| 421|0x00000000fa500000, 0x00000000fa500000, 0x00000000fa600000|  0%| F|  |TAMS 0x00000000fa500000, 0x00000000fa500000| Untracked 
| 422|0x00000000fa600000, 0x00000000fa600000, 0x00000000fa700000|  0%| F|  |TAMS 0x00000000fa600000, 0x00000000fa600000| Untracked 
| 423|0x00000000fa700000, 0x00000000fa700000, 0x00000000fa800000|  0%| F|  |TAMS 0x00000000fa700000, 0x00000000fa700000| Untracked 
| 424|0x00000000fa800000, 0x00000000fa800000, 0x00000000fa900000|  0%| F|  |TAMS 0x00000000fa800000, 0x00000000fa800000| Untracked 
| 425|0x00000000fa900000, 0x00000000fa900000, 0x00000000faa00000|  0%| F|  |TAMS 0x00000000fa900000, 0x00000000fa900000| Untracked 
| 426|0x00000000faa00000, 0x00000000faa00000, 0x00000000fab00000|  0%| F|  |TAMS 0x00000000faa00000, 0x00000000faa00000| Untracked 
| 427|0x00000000fab00000, 0x00000000fab00000, 0x00000000fac00000|  0%| F|  |TAMS 0x00000000fab00000, 0x00000000fab00000| Untracked 
| 428|0x00000000fac00000, 0x00000000fac00000, 0x00000000fad00000|  0%| F|  |TAMS 0x00000000fac00000, 0x00000000fac00000| Untracked 
| 429|0x00000000fad00000, 0x00000000fad00000, 0x00000000fae00000|  0%| F|  |TAMS 0x00000000fad00000, 0x00000000fad00000| Untracked 
| 430|0x00000000fae00000, 0x00000000fae00000, 0x00000000faf00000|  0%| F|  |TAMS 0x00000000fae00000, 0x00000000fae00000| Untracked 
| 431|0x00000000faf00000, 0x00000000faf00000, 0x00000000fb000000|  0%| F|  |TAMS 0x00000000faf00000, 0x00000000faf00000| Untracked 
| 432|0x00000000fb000000, 0x00000000fb000000, 0x00000000fb100000|  0%| F|  |TAMS 0x00000000fb000000, 0x00000000fb000000| Untracked 
| 433|0x00000000fb100000, 0x00000000fb100000, 0x00000000fb200000|  0%| F|  |TAMS 0x00000000fb100000, 0x00000000fb100000| Untracked 
| 434|0x00000000fb200000, 0x00000000fb200000, 0x00000000fb300000|  0%| F|  |TAMS 0x00000000fb200000, 0x00000000fb200000| Untracked 
| 435|0x00000000fb300000, 0x00000000fb300000, 0x00000000fb400000|  0%| F|  |TAMS 0x00000000fb300000, 0x00000000fb300000| Untracked 
| 436|0x00000000fb400000, 0x00000000fb400000, 0x00000000fb500000|  0%| F|  |TAMS 0x00000000fb400000, 0x00000000fb400000| Untracked 
| 437|0x00000000fb500000, 0x00000000fb500000, 0x00000000fb600000|  0%| F|  |TAMS 0x00000000fb500000, 0x00000000fb500000| Untracked 
| 438|0x00000000fb600000, 0x00000000fb600000, 0x00000000fb700000|  0%| F|  |TAMS 0x00000000fb600000, 0x00000000fb600000| Untracked 
| 439|0x00000000fb700000, 0x00000000fb700000, 0x00000000fb800000|  0%| F|  |TAMS 0x00000000fb700000, 0x00000000fb700000| Untracked 
| 440|0x00000000fb800000, 0x00000000fb800000, 0x00000000fb900000|  0%| F|  |TAMS 0x00000000fb800000, 0x00000000fb800000| Untracked 
| 441|0x00000000fb900000, 0x00000000fb900000, 0x00000000fba00000|  0%| F|  |TAMS 0x00000000fb900000, 0x00000000fb900000| Untracked 
| 442|0x00000000fba00000, 0x00000000fba00000, 0x00000000fbb00000|  0%| F|  |TAMS 0x00000000fba00000, 0x00000000fba00000| Untracked 
| 443|0x00000000fbb00000, 0x00000000fbb00000, 0x00000000fbc00000|  0%| F|  |TAMS 0x00000000fbb00000, 0x00000000fbb00000| Untracked 
| 444|0x00000000fbc00000, 0x00000000fbc00000, 0x00000000fbd00000|  0%| F|  |TAMS 0x00000000fbc00000, 0x00000000fbc00000| Untracked 
| 445|0x00000000fbd00000, 0x00000000fbd00000, 0x00000000fbe00000|  0%| F|  |TAMS 0x00000000fbd00000, 0x00000000fbd00000| Untracked 
| 446|0x00000000fbe00000, 0x00000000fbe00000, 0x00000000fbf00000|  0%| F|  |TAMS 0x00000000fbe00000, 0x00000000fbe00000| Untracked 
| 447|0x00000000fbf00000, 0x00000000fbf00000, 0x00000000fc000000|  0%| F|  |TAMS 0x00000000fbf00000, 0x00000000fbf00000| Untracked 
| 448|0x00000000fc000000, 0x00000000fc000000, 0x00000000fc100000|  0%| F|  |TAMS 0x00000000fc000000, 0x00000000fc000000| Untracked 
| 449|0x00000000fc100000, 0x00000000fc100000, 0x00000000fc200000|  0%| F|  |TAMS 0x00000000fc100000, 0x00000000fc100000| Untracked 
| 450|0x00000000fc200000, 0x00000000fc200000, 0x00000000fc300000|  0%| F|  |TAMS 0x00000000fc200000, 0x00000000fc200000| Untracked 
| 451|0x00000000fc300000, 0x00000000fc300000, 0x00000000fc400000|  0%| F|  |TAMS 0x00000000fc300000, 0x00000000fc300000| Untracked 
| 452|0x00000000fc400000, 0x00000000fc400000, 0x00000000fc500000|  0%| F|  |TAMS 0x00000000fc400000, 0x00000000fc400000| Untracked 
| 453|0x00000000fc500000, 0x00000000fc500000, 0x00000000fc600000|  0%| F|  |TAMS 0x00000000fc500000, 0x00000000fc500000| Untracked 
| 454|0x00000000fc600000, 0x00000000fc600000, 0x00000000fc700000|  0%| F|  |TAMS 0x00000000fc600000, 0x00000000fc600000| Untracked 
| 455|0x00000000fc700000, 0x00000000fc700000, 0x00000000fc800000|  0%| F|  |TAMS 0x00000000fc700000, 0x00000000fc700000| Untracked 
| 456|0x00000000fc800000, 0x00000000fc800000, 0x00000000fc900000|  0%| F|  |TAMS 0x00000000fc800000, 0x00000000fc800000| Untracked 
| 457|0x00000000fc900000, 0x00000000fc900000, 0x00000000fca00000|  0%| F|  |TAMS 0x00000000fc900000, 0x00000000fc900000| Untracked 
| 458|0x00000000fca00000, 0x00000000fca00000, 0x00000000fcb00000|  0%| F|  |TAMS 0x00000000fca00000, 0x00000000fca00000| Untracked 
| 459|0x00000000fcb00000, 0x00000000fcb00000, 0x00000000fcc00000|  0%| F|  |TAMS 0x00000000fcb00000, 0x00000000fcb00000| Untracked 
| 460|0x00000000fcc00000, 0x00000000fcc00000, 0x00000000fcd00000|  0%| F|  |TAMS 0x00000000fcc00000, 0x00000000fcc00000| Untracked 
| 461|0x00000000fcd00000, 0x00000000fcd00000, 0x00000000fce00000|  0%| F|  |TAMS 0x00000000fcd00000, 0x00000000fcd00000| Untracked 
| 462|0x00000000fce00000, 0x00000000fce00000, 0x00000000fcf00000|  0%| F|  |TAMS 0x00000000fce00000, 0x00000000fce00000| Untracked 
| 463|0x00000000fcf00000, 0x00000000fcf00000, 0x00000000fd000000|  0%| F|  |TAMS 0x00000000fcf00000, 0x00000000fcf00000| Untracked 
| 464|0x00000000fd000000, 0x00000000fd000000, 0x00000000fd100000|  0%| F|  |TAMS 0x00000000fd000000, 0x00000000fd000000| Untracked 
| 465|0x00000000fd100000, 0x00000000fd100000, 0x00000000fd200000|  0%| F|  |TAMS 0x00000000fd100000, 0x00000000fd100000| Untracked 
| 466|0x00000000fd200000, 0x00000000fd200000, 0x00000000fd300000|  0%| F|  |TAMS 0x00000000fd200000, 0x00000000fd200000| Untracked 
| 467|0x00000000fd300000, 0x00000000fd300000, 0x00000000fd400000|  0%| F|  |TAMS 0x00000000fd300000, 0x00000000fd300000| Untracked 
| 468|0x00000000fd400000, 0x00000000fd400000, 0x00000000fd500000|  0%| F|  |TAMS 0x00000000fd400000, 0x00000000fd400000| Untracked 
| 469|0x00000000fd500000, 0x00000000fd500000, 0x00000000fd600000|  0%| F|  |TAMS 0x00000000fd500000, 0x00000000fd500000| Untracked 
| 470|0x00000000fd600000, 0x00000000fd600000, 0x00000000fd700000|  0%| F|  |TAMS 0x00000000fd600000, 0x00000000fd600000| Untracked 
| 471|0x00000000fd700000, 0x00000000fd700000, 0x00000000fd800000|  0%| F|  |TAMS 0x00000000fd700000, 0x00000000fd700000| Untracked 
| 472|0x00000000fd800000, 0x00000000fd800000, 0x00000000fd900000|  0%| F|  |TAMS 0x00000000fd800000, 0x00000000fd800000| Untracked 
| 473|0x00000000fd900000, 0x00000000fd900000, 0x00000000fda00000|  0%| F|  |TAMS 0x00000000fd900000, 0x00000000fd900000| Untracked 
| 474|0x00000000fda00000, 0x00000000fda00000, 0x00000000fdb00000|  0%| F|  |TAMS 0x00000000fda00000, 0x00000000fda00000| Untracked 
| 475|0x00000000fdb00000, 0x00000000fdb00000, 0x00000000fdc00000|  0%| F|  |TAMS 0x00000000fdb00000, 0x00000000fdb00000| Untracked 
| 476|0x00000000fdc00000, 0x00000000fdc00000, 0x00000000fdd00000|  0%| F|  |TAMS 0x00000000fdc00000, 0x00000000fdc00000| Untracked 
| 477|0x00000000fdd00000, 0x00000000fdd00000, 0x00000000fde00000|  0%| F|  |TAMS 0x00000000fdd00000, 0x00000000fdd00000| Untracked 
| 478|0x00000000fde00000, 0x00000000fde00000, 0x00000000fdf00000|  0%| F|  |TAMS 0x00000000fde00000, 0x00000000fde00000| Untracked 
| 479|0x00000000fdf00000, 0x00000000fdf00000, 0x00000000fe000000|  0%| F|  |TAMS 0x00000000fdf00000, 0x00000000fdf00000| Untracked 
| 480|0x00000000fe000000, 0x00000000fe000000, 0x00000000fe100000|  0%| F|  |TAMS 0x00000000fe000000, 0x00000000fe000000| Untracked 
| 481|0x00000000fe100000, 0x00000000fe100000, 0x00000000fe200000|  0%| F|  |TAMS 0x00000000fe100000, 0x00000000fe100000| Untracked 
| 482|0x00000000fe200000, 0x00000000fe200000, 0x00000000fe300000|  0%| F|  |TAMS 0x00000000fe200000, 0x00000000fe200000| Untracked 
| 483|0x00000000fe300000, 0x00000000fe400000, 0x00000000fe400000|100%| S|CS|TAMS 0x00000000fe300000, 0x00000000fe300000| Complete 
| 484|0x00000000fe400000, 0x00000000fe500000, 0x00000000fe500000|100%| S|CS|TAMS 0x00000000fe400000, 0x00000000fe400000| Complete 
| 485|0x00000000fe500000, 0x00000000fe600000, 0x00000000fe600000|100%| S|CS|TAMS 0x00000000fe500000, 0x00000000fe500000| Complete 
| 486|0x00000000fe600000, 0x00000000fe700000, 0x00000000fe700000|100%| S|CS|TAMS 0x00000000fe600000, 0x00000000fe600000| Complete 
| 487|0x00000000fe700000, 0x00000000fe700000, 0x00000000fe800000|  0%| F|  |TAMS 0x00000000fe700000, 0x00000000fe700000| Untracked 
| 488|0x00000000fe800000, 0x00000000fe800000, 0x00000000fe900000|  0%| F|  |TAMS 0x00000000fe800000, 0x00000000fe800000| Untracked 
| 489|0x00000000fe900000, 0x00000000fe900000, 0x00000000fea00000|  0%| F|  |TAMS 0x00000000fe900000, 0x00000000fe900000| Untracked 
| 490|0x00000000fea00000, 0x00000000fea00000, 0x00000000feb00000|  0%| F|  |TAMS 0x00000000fea00000, 0x00000000fea00000| Untracked 
| 491|0x00000000feb00000, 0x00000000feb00000, 0x00000000fec00000|  0%| F|  |TAMS 0x00000000feb00000, 0x00000000feb00000| Untracked 
| 492|0x00000000fec00000, 0x00000000fec00000, 0x00000000fed00000|  0%| F|  |TAMS 0x00000000fec00000, 0x00000000fec00000| Untracked 
| 493|0x00000000fed00000, 0x00000000fed00000, 0x00000000fee00000|  0%| F|  |TAMS 0x00000000fed00000, 0x00000000fed00000| Untracked 
| 494|0x00000000fee00000, 0x00000000fee00000, 0x00000000fef00000|  0%| F|  |TAMS 0x00000000fee00000, 0x00000000fee00000| Untracked 
| 495|0x00000000fef00000, 0x00000000fef7c548, 0x00000000ff000000| 48%| E|  |TAMS 0x00000000fef00000, 0x00000000fef00000| Complete 
| 496|0x00000000ff000000, 0x00000000ff100000, 0x00000000ff100000|100%| E|CS|TAMS 0x00000000ff000000, 0x00000000ff000000| Complete 
| 497|0x00000000ff100000, 0x00000000ff200000, 0x00000000ff200000|100%| E|CS|TAMS 0x00000000ff100000, 0x00000000ff100000| Complete 
| 498|0x00000000ff200000, 0x00000000ff300000, 0x00000000ff300000|100%| E|CS|TAMS 0x00000000ff200000, 0x00000000ff200000| Complete 
| 499|0x00000000ff300000, 0x00000000ff400000, 0x00000000ff400000|100%| E|CS|TAMS 0x00000000ff300000, 0x00000000ff300000| Complete 
| 500|0x00000000ff400000, 0x00000000ff500000, 0x00000000ff500000|100%| E|CS|TAMS 0x00000000ff400000, 0x00000000ff400000| Complete 
| 501|0x00000000ff500000, 0x00000000ff600000, 0x00000000ff600000|100%| E|CS|TAMS 0x00000000ff500000, 0x00000000ff500000| Complete 
| 502|0x00000000ff600000, 0x00000000ff700000, 0x00000000ff700000|100%| E|CS|TAMS 0x00000000ff600000, 0x00000000ff600000| Complete 
| 503|0x00000000ff700000, 0x00000000ff800000, 0x00000000ff800000|100%| E|CS|TAMS 0x00000000ff700000, 0x00000000ff700000| Complete 
| 504|0x00000000ff800000, 0x00000000ff900000, 0x00000000ff900000|100%| E|CS|TAMS 0x00000000ff800000, 0x00000000ff800000| Complete 
| 505|0x00000000ff900000, 0x00000000ffa00000, 0x00000000ffa00000|100%| E|CS|TAMS 0x00000000ff900000, 0x00000000ff900000| Complete 
| 506|0x00000000ffa00000, 0x00000000ffb00000, 0x00000000ffb00000|100%| E|CS|TAMS 0x00000000ffa00000, 0x00000000ffa00000| Complete 
| 507|0x00000000ffb00000, 0x00000000ffc00000, 0x00000000ffc00000|100%| E|  |TAMS 0x00000000ffb00000, 0x00000000ffb00000| Complete 
| 508|0x00000000ffc00000, 0x00000000ffd00000, 0x00000000ffd00000|100%| E|CS|TAMS 0x00000000ffc00000, 0x00000000ffc00000| Complete 
| 509|0x00000000ffd00000, 0x00000000ffe00000, 0x00000000ffe00000|100%| E|CS|TAMS 0x00000000ffd00000, 0x00000000ffd00000| Complete 
| 510|0x00000000ffe00000, 0x00000000fff00000, 0x00000000fff00000|100%| E|CS|TAMS 0x00000000ffe00000, 0x00000000ffe00000| Complete 
| 511|0x00000000fff00000, 0x0000000100000000, 0x0000000100000000|100%| E|CS|TAMS 0x00000000fff00000, 0x00000000fff00000| Complete 

Card table byte_map: [0x00000187aa6f0000,0x00000187aa7f0000] _byte_map_base: 0x00000187a9ff0000

Marking Bits (Prev, Next): (CMBitMap*) 0x0000018793144ab0, (CMBitMap*) 0x0000018793144af0
 Prev Bits: [0x00000187aa8f0000, 0x00000187ab0f0000)
 Next Bits: [0x00000187ab0f0000, 0x00000187ab8f0000)

Polling page: 0x00000187910e0000

Metaspace:

Usage:
  Non-class:      8.41 MB used.
      Class:      1.19 MB used.
       Both:      9.60 MB used.

Virtual space:
  Non-class space:       64.00 MB reserved,       8.50 MB ( 13%) committed,  1 nodes.
      Class space:        1.00 GB reserved,       1.25 MB ( <1%) committed,  1 nodes.
             Both:        1.06 GB reserved,       9.75 MB ( <1%) committed. 

Chunk freelists:
   Non-Class:  7.20 MB
       Class:  14.75 MB
        Both:  21.96 MB

MaxMetaspaceSize: unlimited
CompressedClassSpaceSize: 1.00 GB
Initial GC threshold: 21.00 MB
Current GC threshold: 21.00 MB
CDS: on
MetaspaceReclaimPolicy: balanced
 - commit_granule_bytes: 65536.
 - commit_granule_words: 8192.
 - virtual_space_node_default_size: 8388608.
 - enlarge_chunks_in_place: 1.
 - new_chunks_are_fully_committed: 0.
 - uncommit_free_chunks: 1.
 - use_allocation_guard: 0.
 - handle_deallocations: 1.


Internal statistics:

num_allocs_failed_limit: 0.
num_arena_births: 154.
num_arena_deaths: 0.
num_vsnodes_births: 2.
num_vsnodes_deaths: 0.
num_space_committed: 156.
num_space_uncommitted: 0.
num_chunks_returned_to_freelist: 0.
num_chunks_taken_from_freelist: 446.
num_chunk_merges: 0.
num_chunk_splits: 253.
num_chunks_enlarged: 157.
num_inconsistent_stats: 0.

CodeHeap 'non-profiled nmethods': size=119168Kb used=606Kb max_used=606Kb free=118561Kb
 bounds [0x00000187a2910000, 0x00000187a2b80000, 0x00000187a9d70000]
CodeHeap 'profiled nmethods': size=119104Kb used=4098Kb max_used=4098Kb free=115005Kb
 bounds [0x000001879ad70000, 0x000001879b180000, 0x00000187a21c0000]
CodeHeap 'non-nmethods': size=7488Kb used=2870Kb max_used=2887Kb free=4617Kb
 bounds [0x00000187a21c0000, 0x00000187a24a0000, 0x00000187a2910000]
 total_blobs=2439 nmethods=1966 adapters=382
 compilation: enabled
              stopped_count=0, restarted_count=0
 full_count=0

Compilation events (20 events):
Event: 0.726 Thread 0x00000187f46b7d80 nmethod 1356 0x00000187a297ee10 code [0x00000187a297efa0, 0x00000187a297f078]
Event: 0.726 Thread 0x00000187ae8b2790 nmethod 1357 0x000001879aff7790 code [0x000001879aff7940, 0x000001879aff7d38]
Event: 0.726 Thread 0x00000187ae8b2790 1358       3       java.util.Arrays::hashCode (56 bytes)
Event: 0.726 Thread 0x00000187f4668670 1359       3       java.lang.invoke.MethodHandles$Lookup::hasFullPrivilegeAccess (18 bytes)
Event: 0.727 Thread 0x00000187f4668670 nmethod 1359 0x000001879aff7e10 code [0x000001879aff7fa0, 0x000001879aff8118]
Event: 0.727 Thread 0x00000187f46b7d80 1360       3       java.lang.invoke.MethodTypeForm::cachedLambdaForm (23 bytes)
Event: 0.727 Thread 0x00000187ae8b2790 nmethod 1358 0x000001879aff8190 code [0x000001879aff8340, 0x000001879aff8688]
Event: 0.727 Thread 0x00000187f46b7d80 nmethod 1360 0x000001879aff8810 code [0x000001879aff89c0, 0x000001879aff8d28]
Event: 0.727 Thread 0x00000187ae8a8f90 1361       4       jdk.internal.jimage.ImageStringsReader::unmaskedHashCode (166 bytes)
Event: 0.727 Thread 0x00000187f4668670 1362       3       jdk.internal.jimage.ImageLocation::verifyName (161 bytes)
Event: 0.728 Thread 0x00000187f4668670 nmethod 1362 0x000001879b008190 code [0x000001879b0084c0, 0x000001879b009a58]
Event: 0.729 Thread 0x00000187aea66490 nmethod 1329 0x000001879aff8e90 code [0x000001879aff9fa0, 0x000001879b004268]
Event: 0.731 Thread 0x00000187ae8a8f90 nmethod 1361 0x00000187a297f110 code [0x00000187a297f2a0, 0x00000187a297f578]
Event: 0.731 Thread 0x00000187ae8a8f90 1363 %     4       sun.net.www.ParseUtil::firstEncodeIndex @ 7 (86 bytes)
Event: 0.732 Thread 0x00000187f46b7d80 1364       3       java.util.jar.JarFile::getVersionedEntry (133 bytes)
Event: 0.733 Thread 0x00000187f46b7d80 nmethod 1364 0x000001879b00a390 code [0x000001879b00a660, 0x000001879b00b3f8]
Event: 0.734 Thread 0x00000187ae8a8f90 nmethod 1363% 0x00000187a297f710 code [0x00000187a297f8a0, 0x00000187a297fc78]
Event: 0.735 Thread 0x00000187aea66490 1365       3       java.lang.invoke.AbstractValidatingLambdaMetafactory::isAdaptableTo (126 bytes)
Event: 0.736 Thread 0x00000187aea66490 nmethod 1365 0x000001879b00b990 code [0x000001879b00bc20, 0x000001879b00c608]
Event: 0.739 Thread 0x00000187ae8a8f90 1366 %     4       java.io.WinNTFileSystem::normalize @ 22 (143 bytes)

GC Heap History (2 events):
Event: 0.708 GC heap before
{Heap before GC invocations=0 (full 0):
 garbage-first heap   total 524288K, used 26624K [0x00000000e0000000, 0x0000000100000000)
  region size 1024K, 25 young (25600K), 0 survivors (0K)
 Metaspace       used 6377K, committed 6656K, reserved 1114112K
  class space    used 798K, committed 960K, reserved 1048576K
}
Event: 0.712 GC heap after
{Heap after GC invocations=1 (full 0):
 garbage-first heap   total 524288K, used 8802K [0x00000000e0000000, 0x0000000100000000)
  region size 1024K, 4 young (4096K), 4 survivors (4096K)
 Metaspace       used 6377K, committed 6656K, reserved 1114112K
  class space    used 798K, committed 960K, reserved 1048576K
}

Dll operation events (9 events):
Event: 0.008 Loaded shared library D:\Unity\Hub\Editor\6000.0.35f1\Editor\Data\PlaybackEngines\AndroidPlayer\OpenJDK\bin\java.dll
Event: 0.025 Loaded shared library D:\Unity\Hub\Editor\6000.0.35f1\Editor\Data\PlaybackEngines\AndroidPlayer\OpenJDK\bin\jsvml.dll
Event: 0.119 Loaded shared library D:\Unity\Hub\Editor\6000.0.35f1\Editor\Data\PlaybackEngines\AndroidPlayer\OpenJDK\bin\net.dll
Event: 0.121 Loaded shared library D:\Unity\Hub\Editor\6000.0.35f1\Editor\Data\PlaybackEngines\AndroidPlayer\OpenJDK\bin\nio.dll
Event: 0.124 Loaded shared library D:\Unity\Hub\Editor\6000.0.35f1\Editor\Data\PlaybackEngines\AndroidPlayer\OpenJDK\bin\zip.dll
Event: 0.184 Loaded shared library D:\Unity\Hub\Editor\6000.0.35f1\Editor\Data\PlaybackEngines\AndroidPlayer\OpenJDK\bin\jimage.dll
Event: 0.463 Loaded shared library D:\Unity\Hub\Editor\6000.0.35f1\Editor\Data\PlaybackEngines\AndroidPlayer\OpenJDK\bin\extnet.dll
Event: 0.594 Loaded shared library D:\Unity\Hub\Editor\6000.0.35f1\Editor\Data\PlaybackEngines\AndroidPlayer\OpenJDK\bin\sunmscapi.dll
Event: 0.677 Loaded shared library D:\Unity\Hub\Editor\6000.0.35f1\Editor\Data\PlaybackEngines\AndroidPlayer\OpenJDK\bin\verify.dll

Deoptimization events (20 events):
Event: 0.439 Thread 0x0000018793114280 Uncommon trap: trap_request=0xffffff45 fr.pc=0x00000187a2951970 relative=0x0000000000000130
Event: 0.439 Thread 0x0000018793114280 Uncommon trap: reason=unstable_if action=reinterpret pc=0x00000187a2951970 method=java.util.HashMap.getNode(Ljava/lang/Object;)Ljava/util/HashMap$Node; @ 118 c2
Event: 0.439 Thread 0x0000018793114280 DEOPT PACKING pc=0x00000187a2951970 sp=0x0000003d838fee90
Event: 0.439 Thread 0x0000018793114280 DEOPT UNPACKING pc=0x00000187a22169a3 sp=0x0000003d838fedf8 mode 2
Event: 0.569 Thread 0x0000018793114280 Uncommon trap: trap_request=0xffffffde fr.pc=0x00000187a2966bdc relative=0x000000000000077c
Event: 0.569 Thread 0x0000018793114280 Uncommon trap: reason=class_check action=maybe_recompile pc=0x00000187a2966bdc method=java.util.HashMap.putVal(ILjava/lang/Object;Ljava/lang/Object;ZZ)Ljava/lang/Object; @ 203 c2
Event: 0.569 Thread 0x0000018793114280 DEOPT PACKING pc=0x00000187a2966bdc sp=0x0000003d838fbfa0
Event: 0.569 Thread 0x0000018793114280 DEOPT UNPACKING pc=0x00000187a22169a3 sp=0x0000003d838fbf30 mode 2
Event: 0.583 Thread 0x0000018793114280 Uncommon trap: trap_request=0xffffff45 fr.pc=0x00000187a29665e0 relative=0x0000000000000180
Event: 0.583 Thread 0x0000018793114280 Uncommon trap: reason=unstable_if action=reinterpret pc=0x00000187a29665e0 method=java.util.HashMap.putVal(ILjava/lang/Object;Ljava/lang/Object;ZZ)Ljava/lang/Object; @ 162 c2
Event: 0.583 Thread 0x0000018793114280 DEOPT PACKING pc=0x00000187a29665e0 sp=0x0000003d838fcc90
Event: 0.583 Thread 0x0000018793114280 DEOPT UNPACKING pc=0x00000187a22169a3 sp=0x0000003d838fcc20 mode 2
Event: 0.691 Thread 0x0000018793114280 DEOPT PACKING pc=0x000001879ad8283b sp=0x0000003d838fc6c0
Event: 0.691 Thread 0x0000018793114280 DEOPT UNPACKING pc=0x00000187a2217143 sp=0x0000003d838fbb38 mode 0
Event: 0.696 Thread 0x0000018793114280 DEOPT PACKING pc=0x000001879ad8283b sp=0x0000003d838f8d50
Event: 0.696 Thread 0x0000018793114280 DEOPT UNPACKING pc=0x00000187a2217143 sp=0x0000003d838f81a0 mode 0
Event: 0.714 Thread 0x0000018793114280 Uncommon trap: trap_request=0xffffff45 fr.pc=0x00000187a29520ac relative=0x000000000000016c
Event: 0.714 Thread 0x0000018793114280 Uncommon trap: reason=unstable_if action=reinterpret pc=0x00000187a29520ac method=java.util.concurrent.ConcurrentHashMap.addCount(JI)V @ 121 c2
Event: 0.714 Thread 0x0000018793114280 DEOPT PACKING pc=0x00000187a29520ac sp=0x0000003d838fd3b0
Event: 0.714 Thread 0x0000018793114280 DEOPT UNPACKING pc=0x00000187a22169a3 sp=0x0000003d838fd310 mode 2

Classes loaded (20 events):
Event: 0.695 Loading class java/net/URISyntaxException
Event: 0.695 Loading class java/net/URISyntaxException done
Event: 0.715 Loading class java/util/stream/SliceOps
Event: 0.715 Loading class java/util/stream/SliceOps done
Event: 0.715 Loading class java/util/stream/SliceOps$1
Event: 0.715 Loading class java/util/stream/SliceOps$1 done
Event: 0.715 Loading class java/util/stream/ReduceOps$1
Event: 0.715 Loading class java/util/stream/ReduceOps$1 done
Event: 0.715 Loading class java/util/stream/ReduceOps$1ReducingSink
Event: 0.715 Loading class java/util/stream/ReduceOps$1ReducingSink done
Event: 0.715 Loading class java/util/stream/SliceOps$1$1
Event: 0.716 Loading class java/util/stream/SliceOps$1$1 done
Event: 0.719 Loading class java/util/ServiceLoader$ProviderSpliterator
Event: 0.719 Loading class java/util/ServiceLoader$ProviderSpliterator done
Event: 0.720 Loading class java/util/ImmutableCollections$Access
Event: 0.720 Loading class java/util/ImmutableCollections$Access done
Event: 0.720 Loading class java/util/ImmutableCollections$Access$1
Event: 0.720 Loading class jdk/internal/access/JavaUtilCollectionAccess
Event: 0.720 Loading class jdk/internal/access/JavaUtilCollectionAccess done
Event: 0.720 Loading class java/util/ImmutableCollections$Access$1 done

Classes unloaded (0 events):
No events

Classes redefined (0 events):
No events

Internal exceptions (20 events):
Event: 0.315 Thread 0x0000018793114280 Exception <a 'java/lang/NoSuchMethodError'{0x00000000ff44add0}: static Lorg/gradle/api/internal/tasks/testing/junitplatform/JUnitPlatformTestDefinitionProcessorFactory;.<clinit>()V> (0x00000000ff44add0) 
thrown [s\src\hotspot\share\prims\jni.cpp, line 1112]
Event: 0.317 Thread 0x0000018793114280 Exception <a 'java/lang/NoSuchMethodError'{0x00000000ff458d80}: static Lorg/gradle/api/internal/tasks/testing/junitplatform/JUnitPlatformSpec;.<clinit>()V> (0x00000000ff458d80) 
thrown [s\src\hotspot\share\prims\jni.cpp, line 1112]
Event: 0.319 Thread 0x0000018793114280 Exception <a 'java/lang/NoSuchMethodError'{0x00000000ff475508}: static Lorg/gradle/api/internal/tasks/testing/filter/TestFilterSpec;.<clinit>()V> (0x00000000ff475508) 
thrown [s\src\hotspot\share\prims\jni.cpp, line 1112]
Event: 0.355 Thread 0x0000018793114280 Exception <a 'java/lang/NoSuchMethodError'{0x00000000ff286f28}: 'java.lang.Object java.lang.invoke.DirectMethodHandle$Holder.invokeStatic(java.lang.Object, java.lang.Object, int)'> (0x00000000ff286f28) 
thrown [s\src\hotspot\share\interpreter\linkResolver.cpp, line 759]
Event: 0.357 Thread 0x0000018793114280 Exception <a 'java/lang/NoSuchMethodError'{0x00000000ff291b58}: 'java.lang.Object java.lang.invoke.DirectMethodHandle$Holder.invokeInterface(java.lang.Object, java.lang.Object)'> (0x00000000ff291b58) 
thrown [s\src\hotspot\share\interpreter\linkResolver.cpp, line 759]
Event: 0.385 Thread 0x0000018793114280 Exception <a 'java/lang/NoSuchMethodError'{0x00000000ff19fb58}: 'java.lang.Object java.lang.invoke.Invokers$Holder.invoker(java.lang.Object, java.lang.Object, java.lang.Object)'> (0x00000000ff19fb58) 
thrown [s\src\hotspot\share\interpreter\linkResolver.cpp, line 759]
Event: 0.388 Thread 0x0000018793114280 Exception <a 'java/lang/NoSuchMethodError'{0x00000000ff1b08e0}: 'void java.lang.invoke.DelegatingMethodHandle$Holder.delegate(java.lang.Object, java.lang.Object, int, java.lang.Object)'> (0x00000000ff1b08e0) 
thrown [s\src\hotspot\share\interpreter\linkResolver.cpp, line 759]
Event: 0.388 Thread 0x0000018793114280 Exception <a 'java/lang/NoSuchMethodError'{0x00000000ff1b4d40}: 'int java.lang.invoke.DirectMethodHandle$Holder.invokeSpecial(java.lang.Object, java.lang.Object, java.lang.Object)'> (0x00000000ff1b4d40) 
thrown [s\src\hotspot\share\interpreter\linkResolver.cpp, line 759]
Event: 0.392 Thread 0x0000018793114280 Exception <a 'java/lang/NoSuchMethodError'{0x00000000ff1c7e50}: 'java.lang.Object java.lang.invoke.Invokers$Holder.invokeExact_MT(java.lang.Object, java.lang.Object, java.lang.Object, java.lang.Object)'> (0x00000000ff1c7e50) 
thrown [s\src\hotspot\share\interpreter\linkResolver.cpp, line 759]
Event: 0.398 Thread 0x0000018793114280 Exception <a 'java/lang/NoSuchMethodError'{0x00000000ff1fee78}: 'java.lang.Object java.lang.invoke.DirectMethodHandle$Holder.invokeVirtual(java.lang.Object, java.lang.Object, java.lang.Object)'> (0x00000000ff1fee78) 
thrown [s\src\hotspot\share\interpreter\linkResolver.cpp, line 759]
Event: 0.510 Thread 0x0000018793114280 Exception <a 'java/lang/NoSuchMethodError'{0x00000000fed901d0}: 'int java.lang.invoke.DirectMethodHandle$Holder.invokeStaticInit(java.lang.Object, java.lang.Object, java.lang.Object, java.lang.Object)'> (0x00000000fed901d0) 
thrown [s\src\hotspot\share\interpreter\linkResolver.cpp, line 759]
Event: 0.511 Thread 0x0000018793114280 Exception <a 'java/lang/IncompatibleClassChangeError'{0x00000000fed991c0}: Found class java.lang.Object, but interface was expected> (0x00000000fed991c0) 
thrown [s\src\hotspot\share\interpreter\linkResolver.cpp, line 826]
Event: 0.512 Thread 0x0000018793114280 Exception <a 'java/lang/NoSuchMethodError'{0x00000000fed9bf98}: 'void java.lang.invoke.DirectMethodHandle$Holder.invokeStatic(java.lang.Object, java.lang.Object)'> (0x00000000fed9bf98) 
thrown [s\src\hotspot\share\interpreter\linkResolver.cpp, line 759]
Event: 0.512 Thread 0x0000018793114280 Exception <a 'java/lang/NoSuchMethodError'{0x00000000fed9f4f0}: 'void java.lang.invoke.DirectMethodHandle$Holder.invokeStaticInit(java.lang.Object, java.lang.Object)'> (0x00000000fed9f4f0) 
thrown [s\src\hotspot\share\interpreter\linkResolver.cpp, line 759]
Event: 0.514 Thread 0x0000018793114280 Exception <a 'java/lang/NoSuchMethodError'{0x00000000feda4fd0}: 'int java.lang.invoke.DirectMethodHandle$Holder.invokeStaticInit(java.lang.Object, java.lang.Object)'> (0x00000000feda4fd0) 
thrown [s\src\hotspot\share\interpreter\linkResolver.cpp, line 759]
Event: 0.556 Thread 0x0000018793114280 Exception <a 'java/lang/NoSuchMethodError'{0x00000000fecfbba0}: 'java.lang.Object java.lang.invoke.DirectMethodHandle$Holder.invokeStaticInit(java.lang.Object, int, int, int, int)'> (0x00000000fecfbba0) 
thrown [s\src\hotspot\share\interpreter\linkResolver.cpp, line 759]
Event: 0.668 Thread 0x0000018793114280 Exception <a 'java/lang/NoSuchMethodError'{0x00000000fe9833b0}: 'java.lang.Object java.lang.invoke.DirectMethodHandle$Holder.invokeStaticInit(java.lang.Object, java.lang.Object, int, int, int, int)'> (0x00000000fe9833b0) 
thrown [s\src\hotspot\share\interpreter\linkResolver.cpp, line 759]
Event: 0.693 Thread 0x00000187f4f5c8e0 Exception <a 'java/lang/NoSuchMethodError'{0x00000000fe8e5800}: 'int java.lang.invoke.DirectMethodHandle$Holder.invokeStatic(java.lang.Object, java.lang.Object, int)'> (0x00000000fe8e5800) 
thrown [s\src\hotspot\share\interpreter\linkResolver.cpp, line 759]
Event: 0.698 Thread 0x0000018793114280 Exception <a 'java/lang/NoSuchMethodError'{0x00000000fe78cc18}: 'void java.lang.invoke.DirectMethodHandle$Holder.invokeStatic(java.lang.Object, java.lang.Object, java.lang.Object)'> (0x00000000fe78cc18) 
thrown [s\src\hotspot\share\interpreter\linkResolver.cpp, line 759]
Event: 0.714 Thread 0x0000018793114280 Exception <a 'java/lang/NoSuchMethodError'{0x00000000fff0a088}: 'void java.lang.invoke.DirectMethodHandle$Holder.invokeStatic(java.lang.Object, java.lang.Object, java.lang.Object, java.lang.Object)'> (0x00000000fff0a088) 
thrown [s\src\hotspot\share\interpreter\linkResolver.cpp, line 759]

VM Operations (20 events):
Event: 0.220 Executing VM operation: HandshakeAllThreads
Event: 0.220 Executing VM operation: HandshakeAllThreads done
Event: 0.223 Executing VM operation: HandshakeAllThreads
Event: 0.223 Executing VM operation: HandshakeAllThreads done
Event: 0.290 Executing VM operation: HandshakeAllThreads
Event: 0.290 Executing VM operation: HandshakeAllThreads done
Event: 0.298 Executing VM operation: HandshakeAllThreads
Event: 0.298 Executing VM operation: HandshakeAllThreads done
Event: 0.376 Executing VM operation: HandshakeAllThreads
Event: 0.376 Executing VM operation: HandshakeAllThreads done
Event: 0.564 Executing VM operation: HandshakeAllThreads
Event: 0.564 Executing VM operation: HandshakeAllThreads done
Event: 0.572 Executing VM operation: ICBufferFull
Event: 0.572 Executing VM operation: ICBufferFull done
Event: 0.656 Executing VM operation: HandshakeAllThreads
Event: 0.656 Executing VM operation: HandshakeAllThreads done
Event: 0.694 Executing VM operation: HandshakeAllThreads
Event: 0.694 Executing VM operation: HandshakeAllThreads done
Event: 0.708 Executing VM operation: G1CollectForAllocation
Event: 0.712 Executing VM operation: G1CollectForAllocation done

Memory protections (0 events):
No events

Nmethod flushes (0 events):
No events

Events (19 events):
Event: 0.025 Thread 0x0000018793114280 Thread added: 0x0000018793114280
Event: 0.027 Thread 0x0000018793114280 Thread added: 0x00000187ae88bb40
Event: 0.028 Thread 0x0000018793114280 Thread added: 0x00000187ae88c9c0
Event: 0.044 Thread 0x0000018793114280 Thread added: 0x00000187ae8a2530
Event: 0.044 Thread 0x0000018793114280 Thread added: 0x00000187ae8a5f10
Event: 0.044 Thread 0x0000018793114280 Thread added: 0x00000187ae8a68d0
Event: 0.044 Thread 0x0000018793114280 Thread added: 0x00000187ae8a82a0
Event: 0.044 Thread 0x0000018793114280 Thread added: 0x00000187ae8a8f90
Event: 0.044 Thread 0x0000018793114280 Thread added: 0x00000187ae8b2790
Event: 0.044 Thread 0x0000018793114280 Thread added: 0x00000187ae8be300
Event: 0.109 Thread 0x00000187ae8b2790 Thread added: 0x00000187aea66490
Event: 0.114 Thread 0x0000018793114280 Thread added: 0x00000187aeb339a0
Event: 0.116 Thread 0x0000018793114280 Thread added: 0x00000187aeb37930
Event: 0.330 Thread 0x00000187ae8a8f90 Thread added: 0x00000187f451b100
Event: 0.346 Thread 0x00000187ae8b2790 Thread added: 0x00000187f4668670
Event: 0.424 Thread 0x00000187ae8b2790 Thread added: 0x00000187f46b7d80
Event: 0.548 Thread 0x0000018793114280 Thread added: 0x00000187f482fa50
Event: 0.682 Thread 0x0000018793114280 Thread added: 0x00000187f46d4f70
Event: 0.682 Thread 0x0000018793114280 Thread added: 0x00000187f4f5c8e0


Dynamic libraries:
0x00007ff619470000 - 0x00007ff61947e000 	D:\Unity\Hub\Editor\6000.0.35f1\Editor\Data\PlaybackEngines\AndroidPlayer\OpenJDK\bin\java.exe
0x00007ff9fa130000 - 0x00007ff9fa328000 	C:\Windows\SYSTEM32\ntdll.dll
0x00007ff9f8de0000 - 0x00007ff9f8ea2000 	C:\Windows\System32\KERNEL32.DLL
0x00007ff9f7ba0000 - 0x00007ff9f7e96000 	C:\Windows\System32\KERNELBASE.dll
0x00007ff9f7a70000 - 0x00007ff9f7b70000 	C:\Windows\System32\ucrtbase.dll
0x00007ff9decb0000 - 0x00007ff9decce000 	D:\Unity\Hub\Editor\6000.0.35f1\Editor\Data\PlaybackEngines\AndroidPlayer\OpenJDK\bin\VCRUNTIME140.dll
0x00007ff9decd0000 - 0x00007ff9dece9000 	D:\Unity\Hub\Editor\6000.0.35f1\Editor\Data\PlaybackEngines\AndroidPlayer\OpenJDK\bin\jli.dll
0x00007ff9f9f40000 - 0x00007ff9fa0e1000 	C:\Windows\System32\USER32.dll
0x00007ff9f7b70000 - 0x00007ff9f7b92000 	C:\Windows\System32\win32u.dll
0x00007ff9f93b0000 - 0x00007ff9f93db000 	C:\Windows\System32\GDI32.dll
0x00007ff9e6f40000 - 0x00007ff9e71db000 	C:\Windows\WinSxS\amd64_microsoft.windows.common-controls_6595b64144ccf1df_6.0.19041.6456_none_60b8a6cb71f64256\COMCTL32.dll
0x00007ff9f7ea0000 - 0x00007ff9f7fb9000 	C:\Windows\System32\gdi32full.dll
0x00007ff9f9310000 - 0x00007ff9f93ae000 	C:\Windows\System32\msvcrt.dll
0x00007ff9f77c0000 - 0x00007ff9f785d000 	C:\Windows\System32\msvcp_win.dll
0x00007ff9f9f10000 - 0x00007ff9f9f3f000 	C:\Windows\System32\IMM32.DLL
0x00007ff9e2bd0000 - 0x00007ff9e2bdc000 	D:\Unity\Hub\Editor\6000.0.35f1\Editor\Data\PlaybackEngines\AndroidPlayer\OpenJDK\bin\vcruntime140_1.dll
0x00007ff9dec20000 - 0x00007ff9decad000 	D:\Unity\Hub\Editor\6000.0.35f1\Editor\Data\PlaybackEngines\AndroidPlayer\OpenJDK\bin\msvcp140.dll
0x00007ff9ddfa0000 - 0x00007ff9dec15000 	D:\Unity\Hub\Editor\6000.0.35f1\Editor\Data\PlaybackEngines\AndroidPlayer\OpenJDK\bin\server\jvm.dll
0x00007ff9f8eb0000 - 0x00007ff9f8f61000 	C:\Windows\System32\ADVAPI32.dll
0x00007ff9f84b0000 - 0x00007ff9f854f000 	C:\Windows\System32\sechost.dll
0x00007ff9f9770000 - 0x00007ff9f9890000 	C:\Windows\System32\RPCRT4.dll
0x00007ff9f7fc0000 - 0x00007ff9f7fe7000 	C:\Windows\System32\bcrypt.dll
0x00007ff9f9890000 - 0x00007ff9f98fb000 	C:\Windows\System32\WS2_32.dll
0x00007ff9f7570000 - 0x00007ff9f75bb000 	C:\Windows\SYSTEM32\POWRPROF.dll
0x00007ff9f0a90000 - 0x00007ff9f0a9a000 	C:\Windows\SYSTEM32\VERSION.dll
0x00007ff9ea360000 - 0x00007ff9ea387000 	C:\Windows\SYSTEM32\WINMM.dll
0x00007ff9f7550000 - 0x00007ff9f7562000 	C:\Windows\SYSTEM32\UMPDC.dll
0x00007ff9f5610000 - 0x00007ff9f5622000 	C:\Windows\SYSTEM32\kernel.appcore.dll
0x00007ff9e09a0000 - 0x00007ff9e09aa000 	D:\Unity\Hub\Editor\6000.0.35f1\Editor\Data\PlaybackEngines\AndroidPlayer\OpenJDK\bin\jimage.dll
0x00007ff9f1690000 - 0x00007ff9f1891000 	C:\Windows\SYSTEM32\DBGHELP.DLL
0x00007ff9e1e60000 - 0x00007ff9e1e94000 	C:\Windows\SYSTEM32\dbgcore.DLL
0x00007ff9f7990000 - 0x00007ff9f7a12000 	C:\Windows\System32\bcryptPrimitives.dll
0x00007ff9ddf70000 - 0x00007ff9ddf95000 	D:\Unity\Hub\Editor\6000.0.35f1\Editor\Data\PlaybackEngines\AndroidPlayer\OpenJDK\bin\java.dll
0x00007ff9dde90000 - 0x00007ff9ddf67000 	D:\Unity\Hub\Editor\6000.0.35f1\Editor\Data\PlaybackEngines\AndroidPlayer\OpenJDK\bin\jsvml.dll
0x00007ff9f8670000 - 0x00007ff9f8de0000 	C:\Windows\System32\SHELL32.dll
0x00007ff9f5810000 - 0x00007ff9f5fb5000 	C:\Windows\SYSTEM32\windows.storage.dll
0x00007ff9f8150000 - 0x00007ff9f84a4000 	C:\Windows\System32\combase.dll
0x00007ff9f7110000 - 0x00007ff9f713b000 	C:\Windows\SYSTEM32\Wldp.dll
0x00007ff9f9560000 - 0x00007ff9f962d000 	C:\Windows\System32\OLEAUT32.dll
0x00007ff9f9000000 - 0x00007ff9f90ad000 	C:\Windows\System32\SHCORE.dll
0x00007ff9f8550000 - 0x00007ff9f85ab000 	C:\Windows\System32\shlwapi.dll
0x00007ff9f76f0000 - 0x00007ff9f7714000 	C:\Windows\SYSTEM32\profapi.dll
0x00007ff9dde70000 - 0x00007ff9dde89000 	D:\Unity\Hub\Editor\6000.0.35f1\Editor\Data\PlaybackEngines\AndroidPlayer\OpenJDK\bin\net.dll
0x00007ff9f47d0000 - 0x00007ff9f48da000 	C:\Windows\SYSTEM32\WINHTTP.dll
0x00007ff9f6e20000 - 0x00007ff9f6e8a000 	C:\Windows\system32\mswsock.dll
0x00007ff9dde50000 - 0x00007ff9dde66000 	D:\Unity\Hub\Editor\6000.0.35f1\Editor\Data\PlaybackEngines\AndroidPlayer\OpenJDK\bin\nio.dll
0x00007ff9dde30000 - 0x00007ff9dde48000 	D:\Unity\Hub\Editor\6000.0.35f1\Editor\Data\PlaybackEngines\AndroidPlayer\OpenJDK\bin\zip.dll
0x00007ff9dddb0000 - 0x00007ff9dddb9000 	D:\Unity\Hub\Editor\6000.0.35f1\Editor\Data\PlaybackEngines\AndroidPlayer\OpenJDK\bin\extnet.dll
0x00007ff9ddd00000 - 0x00007ff9ddd0e000 	D:\Unity\Hub\Editor\6000.0.35f1\Editor\Data\PlaybackEngines\AndroidPlayer\OpenJDK\bin\sunmscapi.dll
0x00007ff9f7ff0000 - 0x00007ff9f814d000 	C:\Windows\System32\CRYPT32.dll
0x00007ff9f7180000 - 0x00007ff9f71a7000 	C:\Windows\SYSTEM32\ncrypt.dll
0x00007ff9f7140000 - 0x00007ff9f717b000 	C:\Windows\SYSTEM32\NTASN1.dll
0x00007ff9d8af0000 - 0x00007ff9d8af7000 	C:\Windows\system32\wshunix.dll
0x00007ff9f7000000 - 0x00007ff9f7018000 	C:\Windows\SYSTEM32\CRYPTSP.dll
0x00007ff9f6750000 - 0x00007ff9f6788000 	C:\Windows\system32\rsaenh.dll
0x00007ff9f7670000 - 0x00007ff9f769e000 	C:\Windows\SYSTEM32\USERENV.dll
0x00007ff9f7020000 - 0x00007ff9f702c000 	C:\Windows\SYSTEM32\CRYPTBASE.dll
0x00007ff9f6b20000 - 0x00007ff9f6b5b000 	C:\Windows\SYSTEM32\IPHLPAPI.DLL
0x00007ff9f8660000 - 0x00007ff9f8668000 	C:\Windows\System32\NSI.dll
0x00007ff9f1400000 - 0x00007ff9f1417000 	C:\Windows\SYSTEM32\dhcpcsvc6.DLL
0x00007ff9f13e0000 - 0x00007ff9f13fd000 	C:\Windows\SYSTEM32\dhcpcsvc.DLL
0x00007ff9f6b60000 - 0x00007ff9f6c2a000 	C:\Windows\SYSTEM32\DNSAPI.dll
0x00007ff9ddda0000 - 0x00007ff9dddb0000 	D:\Unity\Hub\Editor\6000.0.35f1\Editor\Data\PlaybackEngines\AndroidPlayer\OpenJDK\bin\verify.dll

dbghelp: loaded successfully - version: 4.0.5 - missing functions: none
symbol engine: initialized successfully - sym options: 0x614 - pdb path: .;D:\Unity\Hub\Editor\6000.0.35f1\Editor\Data\PlaybackEngines\AndroidPlayer\OpenJDK\bin;C:\Windows\SYSTEM32;C:\Windows\WinSxS\amd64_microsoft.windows.common-controls_6595b64144ccf1df_6.0.19041.6456_none_60b8a6cb71f64256;D:\Unity\Hub\Editor\6000.0.35f1\Editor\Data\PlaybackEngines\AndroidPlayer\OpenJDK\bin\server

VM Arguments:
jvm_args: -Dorg.gradle.internal.worker.tmpdir=C:\Users\khsoo\Desktop\operation-seoul\backend\build\tmp\test\work -Xmx512m -Dfile.encoding=x-windows-949 -Duser.country=KR -Duser.language=ko -Duser.variant -ea 
java_command: worker.org.gradle.process.internal.worker.GradleWorkerMain 'Gradle Test Executor 2'
java_class_path (initial): C:\\Users\\khsoo\\.gradle\\caches\\9.4.1\\workerMain\\gradle-worker.jar;C:\\Users\\khsoo\\Desktop\\operation-seoul\\backend\\build\\classes\\java\\test;C:\\Users\\khsoo\\Desktop\\operation-seoul\\backend\\build\\classes\\java\\main;C:\\Users\\khsoo\\Desktop\\operation-seoul\\backend\\build\\resources\\main;C:\\Users\\khsoo\\.gradle\\caches\\modules-2\\files-2.1\\org.springframework.boot\\spring-boot-starter-webmvc-test\\4.0.5\\db5035a9306c3c19033891941a4db077a357fbf6\\spring-boot-starter-webmvc-test-4.0.5.jar;C:\\Users\\khsoo\\.gradle\\caches\\modules-2\\files-2.1\\org.springframework.boot\\spring-boot-starter-webmvc\\4.0.5\\3bb411e29fbfb48fa378eb7ca6d11dedc6a8b3e8\\spring-boot-starter-webmvc-4.0.5.jar;C:\\Users\\khsoo\\.gradle\\caches\\modules-2\\files-2.1\\org.mybatis.spring.boot\\mybatis-spring-boot-starter\\4.0.0\\c3ce04354544754be5b17f7ec2a6b31f7cac73a7\\mybatis-spring-boot-starter-4.0.0.jar;C:\\Users\\khsoo\\.gradle\\caches\\modules-2\\files-2.1\\org.springframework.boot\\spring-boot-starter-security\\4.0.5\\a3163aaeeb98a33e60f66d677b9751026ce1799b\\spring-boot-starter-security-4.0.5.jar;C:\\Users\\khsoo\\.gradle\\caches\\modules-2\\files-2.1\\org.springframework.boot\\spring-boot-starter-validation\\4.0.5\\592c21c36c72bb0ae99d665a6b6feb3b8a1143\\spring-boot-starter-validation-4.0.5.jar;C:\\Users\\khsoo\\.gradle\\caches\\modules-2\\files-2.1\\org.springframework.boot\\spring-boot-starter-actuator\\4.0.5\\6600aacfa36a412ac113b450dfc4c3a0d8e70611\\spring-boot-starter-actuator-4.0.5.jar;C:\\Users\\khsoo\\.gradle\\caches\\modules-2\\files-2.1\\io.jsonwebtoken\\jjwt-jackson\\0.11.5\\3b83a06809e98a69402d7333dcf67df6f6ea4579\\jjwt-jackson-0.11.5.jar;C:\\Users\\khsoo\\.gradle\\caches\\modules-2\\files-2.1\\com.fasterxml.jackson.core\\jackson-core\\2.21.2\\7d11eac823392f28d8ee7bda77eaadfccbab83e5\\jackson-core-2.21.2.jar;C:\\Users\\khsoo\\.gradle\\caches\\modules-2\\files-2.1\\com.fasterxml.jackson.core\\jackson-databind\\2.21.2\\71ab8ff75b
Launcher Type: SUN_STANDARD

[Global flags]
     intx CICompilerCount                          = 12                                        {product} {ergonomic}
     uint ConcGCThreads                            = 3                                         {product} {ergonomic}
     uint G1ConcRefinementThreads                  = 13                                        {product} {ergonomic}
   size_t G1HeapRegionSize                         = 1048576                                   {product} {ergonomic}
    uintx GCDrainStackTargetSize                   = 64                                        {product} {ergonomic}
   size_t InitialHeapSize                          = 536870912                                 {product} {ergonomic}
   size_t MarkStackSize                            = 4194304                                   {product} {ergonomic}
   size_t MaxHeapSize                              = 536870912                                 {product} {command line}
   size_t MaxNewSize                               = 321912832                                 {product} {ergonomic}
   size_t MinHeapDeltaBytes                        = 1048576                                   {product} {ergonomic}
   size_t MinHeapSize                              = 8388608                                   {product} {ergonomic}
    uintx NonNMethodCodeHeapSize                   = 7602480                                {pd product} {ergonomic}
    uintx NonProfiledCodeHeapSize                  = 122027880                              {pd product} {ergonomic}
    uintx ProfiledCodeHeapSize                     = 122027880                              {pd product} {ergonomic}
    uintx ReservedCodeCacheSize                    = 251658240                              {pd product} {ergonomic}
     bool SegmentedCodeCache                       = true                                      {product} {ergonomic}
   size_t SoftMaxHeapSize                          = 536870912                              {manageable} {ergonomic}
     bool UseCompressedClassPointers               = true                           {product lp64_product} {ergonomic}
     bool UseCompressedOops                        = true                           {product lp64_product} {ergonomic}
     bool UseG1GC                                  = true                                      {product} {ergonomic}
     bool UseLargePagesIndividualAllocation        = false                                  {pd product} {ergonomic}

Logging:
Log output configuration:
 #0: stdout all=warning uptime,level,tags
 #1: stderr all=off uptime,level,tags

Environment Variables:
JAVA_HOME=D:\Unity\Hub\Editor\6000.0.35f1\Editor\Data\PlaybackEngines\AndroidPlayer\OpenJDK
CLASSPATH=C:\Users\khsoo\Desktop\operation-seoul\backend\\gradle\wrapper\gradle-wrapper.jar
PATH=C:\Users\khsoo\.codex\tmp\arg0\codex-arg0Q9FwhX;C:\Users\khsoo\AppData\Local\JetBrains\acp-agents\.runtimes\node\24.13.0\npm-cache\_npx\3770bb125a028f86\node_modules\@openai\codex-win32-x64\vendor\x86_64-pc-windows-msvc\path;C:\Users\khsoo\AppData\Local\JetBrains\acp-agents\.runtimes\node\24.13.0\npm-cache\_npx\3770bb125a028f86\node_modules\.bin;C:\Users\khsoo\Desktop\operation-seoul\node_modules\.bin;C:\Users\khsoo\Desktop\node_modules\.bin;C:\Users\khsoo\node_modules\.bin;C:\Users\node_modules\.bin;C:\node_modules\.bin;C:\Users\khsoo\AppData\Local\JetBrains\acp-agents\.runtimes\node\24.13.0\bin\node_modules\npm\node_modules\@npmcli\run-script\lib\node-gyp-bin;C:\Users\khsoo\AppData\Local\JetBrains\acp-agents\.runtimes\node\24.13.0\bin
USERNAME=ÁýÄÄ
TMPDIR=C:\Users\Public\Documents\ESTsoft\CreatorTemp
OS=Windows_NT
PROCESSOR_IDENTIFIER=AMD64 Family 23 Model 113 Stepping 0, AuthenticAMD
TMP=C:\Users\khsoo\AppData\Local\Temp
TEMP=C:\Users\khsoo\AppData\Local\Temp



Periodic native trim disabled


---------------  S Y S T E M  ---------------

OS:
 Windows 10 , 64 bit Build 19041 (10.0.19041.5915)
OS uptime: 0 days 5:57 hours
Hyper-V role detected

CPU: total 16 (initial active 16) (16 cores per cpu, 2 threads per core) family 23 model 113 stepping 0 microcode 0x0, cx8, cmov, fxsr, ht, mmx, 3dnowpref, sse, sse2, sse3, ssse3, sse4a, sse4.1, sse4.2, popcnt, lzcnt, tsc, tscinvbit, avx, avx2, aes, clmul, bmi1, bmi2, adx, sha, fma, vzeroupper, clflush, clflushopt, hv
Processor Information for all 16 processors :
  Max Mhz: 3600, Current Mhz: 3600, Mhz Limit: 3600

Memory: 4k page, system-wide physical 32689M (9332M free)
TotalPageFile size 32689M (AvailPageFile size 33M)
current process WorkingSet (physical memory assigned to process): 121M, peak: 121M
current process commit charge ("private bytes"): 670M, peak: 670M

vm_info: OpenJDK 64-Bit Server VM (17.0.15+6-LTS) for windows-amd64 JRE (17.0.15+6-LTS) (Zulu17.58+21-CA), built on Apr  4 2025 15:28:26 by "zulu_re" with MS VC++ 16.10 / 16.11 (VS2019)

END.
